-- phpMyAdmin SQL Dump
-- version 5.2.1
-- https://www.phpmyadmin.net/
--
-- Servidor: 127.0.0.1
-- Tiempo de generación: 19-03-2025 a las 16:48:26
-- Versión del servidor: 10.4.32-MariaDB
-- Versión de PHP: 8.2.12

SET SQL_MODE = "NO_AUTO_VALUE_ON_ZERO";
START TRANSACTION;
SET time_zone = "+00:00";


/*!40101 SET @OLD_CHARACTER_SET_CLIENT=@@CHARACTER_SET_CLIENT */;
/*!40101 SET @OLD_CHARACTER_SET_RESULTS=@@CHARACTER_SET_RESULTS */;
/*!40101 SET @OLD_COLLATION_CONNECTION=@@COLLATION_CONNECTION */;
/*!40101 SET NAMES utf8mb4 */;

--
-- Base de datos: `articoding`
--

-- --------------------------------------------------------

--
-- Estructura de tabla para la tabla `access`
--

DROP TABLE IF EXISTS `access`;
CREATE TABLE `access` (
  `user` int(11) NOT NULL,
  `level` int(11) NOT NULL,
  `mode` varchar(25) NOT NULL
) ENGINE=InnoDB DEFAULT CHARSET=utf8mb4 COLLATE=utf8mb4_general_ci;

-- --------------------------------------------------------

--
-- Estructura de tabla para la tabla `assigned`
--

DROP TABLE IF EXISTS `assigned`;
CREATE TABLE `assigned` (
  `group` int(11) NOT NULL,
  `level` int(11) NOT NULL
) ENGINE=InnoDB DEFAULT CHARSET=utf8mb4 COLLATE=utf8mb4_general_ci;

-- --------------------------------------------------------

--
-- Estructura de tabla para la tabla `category`
--

DROP TABLE IF EXISTS `category`;
CREATE TABLE `category` (
  `id` int(11) NOT NULL,
  `name` varchar(25) NOT NULL,
  `description` varchar(255) NOT NULL
) ENGINE=InnoDB DEFAULT CHARSET=utf8mb4 COLLATE=utf8mb4_general_ci;

--
-- Volcado de datos para la tabla `category`
--

INSERT INTO `category` (`id`, `name`, `description`) VALUES
(1, 'Introduction', 'Start playing and learn how the app works.'),
(2, 'Variables', 'Learn how to store and use data. Create new variables, use them in your code.'),
(3, 'Data Types', 'Learn how to use different types of data in your code. Numbers, characters, etc...'),
(4, 'Basic Operators', 'Learn the different operations you can do with different data types.'),
(5, 'Loops', 'Learn how to code things that repeat a number of times or while a condition is met.'),
(6, 'Conditionals', 'Use the boolean type to make conditional code.'),
(7, 'Functions', 'Learn how to organize your code using function blocks.'),
(8, 'Mecanicas', 'Para resolver estos niveles tendras que recurrir a tu ingenio y aprovechar las mecanicas del juego');

-- --------------------------------------------------------

--
-- Estructura de tabla para la tabla `classlevel`
--

DROP TABLE IF EXISTS `classlevel`;
CREATE TABLE `classlevel` (
  `id` int(11) NOT NULL,
  `user` int(11) NOT NULL,
  `category` int(11) DEFAULT NULL,
  `self` int(11) DEFAULT NULL,
  `description` varchar(200) DEFAULT NULL,
  `title` varchar(50) NOT NULL,
  `data` longtext NOT NULL,
  `minBlocks` int(11) DEFAULT NULL,
  `published` int(11) NOT NULL DEFAULT 0
) ENGINE=InnoDB DEFAULT CHARSET=utf8mb4 COLLATE=utf8mb4_general_ci;

--
-- Volcado de datos para la tabla `classlevel`
--

INSERT INTO `classlevel` (`id`, `user`, `category`, `self`, `description`, `title`, `data`, `minBlocks`, `published`) VALUES
(47, 43, NULL, NULL, '', 'Stars', '{\"phaser\":{\"width\":4,\"height\":4,\"theme\":\"default\",\"layers\":{\"background\":{\"spriteSheet\":\"background\",\"spriteSheetType\":\"multi\",\"objects\":[{\"x\":0,\"y\":0,\"spriteIndex\":\"6\",\"properties\":{\"collides\":false}},{\"x\":1,\"y\":0,\"spriteIndex\":\"6\",\"properties\":{\"collides\":false}},{\"x\":2,\"y\":0,\"spriteIndex\":\"6\",\"properties\":{\"collides\":false}},{\"x\":3,\"y\":0,\"spriteIndex\":\"6\",\"properties\":{\"collides\":false}},{\"x\":0,\"y\":1,\"spriteIndex\":\"6\",\"properties\":{\"collides\":false}},{\"x\":1,\"y\":1,\"spriteIndex\":\"6\",\"properties\":{\"collides\":false}},{\"x\":2,\"y\":1,\"spriteIndex\":\"6\",\"properties\":{\"collides\":false}},{\"x\":3,\"y\":1,\"spriteIndex\":\"6\",\"properties\":{\"collides\":false}},{\"x\":0,\"y\":2,\"spriteIndex\":\"6\",\"properties\":{\"collides\":false}},{\"x\":1,\"y\":2,\"spriteIndex\":\"6\",\"properties\":{\"collides\":false}},{\"x\":2,\"y\":2,\"spriteIndex\":\"6\",\"properties\":{\"collides\":false}},{\"x\":3,\"y\":2,\"spriteIndex\":\"6\",\"properties\":{\"collides\":false}},{\"x\":0,\"y\":3,\"spriteIndex\":\"6\",\"properties\":{\"collides\":false}},{\"x\":1,\"y\":3,\"spriteIndex\":\"6\",\"properties\":{\"collides\":false}},{\"x\":2,\"y\":3,\"spriteIndex\":\"6\",\"properties\":{\"collides\":false}},{\"x\":3,\"y\":3,\"spriteIndex\":\"6\",\"properties\":{\"collides\":false}}],\"depth\":0},\"objects\":[{\"spriteSheet\":\"chest\",\"spriteSheetType\":\"img\",\"objects\":[{\"x\":1,\"y\":1,\"type\":\"chest\"},{\"x\":1,\"y\":2,\"type\":\"chest\"}],\"depth\":1},{\"spriteSheet\":\"exit\",\"spriteSheetType\":\"img\",\"objects\":[{\"x\":3,\"y\":2,\"type\":\"exit\"}],\"depth\":1}],\"players\":{\"spriteSheet\":\"player\",\"spriteSheetType\":\"multi\",\"objects\":[{\"x\":0,\"y\":0}],\"depth\":2}}},\"blockly\":{\"toolbox\":{\"kind\":\"categoryToolbox\",\"contents\":[{\"kind\":\"category\",\"name\":\"Actions\",\"colour\":\"#745ba5\",\"contents\":[{\"type\":\"movement\",\"kind\":\"block\",\"enabled\":true},{\"type\":\"changeStatus\",\"kind\":\"block\",\"enabled\":true}]},{\"kind\":\"category\",\"name\":\"Numbers\",\"colour\":\"#0d44ba\",\"contents\":[{\"type\":\"math_number\",\"kind\":\"block\",\"enabled\":true}]},{\"kind\":\"category\",\"name\":\"Loops\",\"colour\":\"#5ba55b\",\"contents\":[{\"type\":\"for_X_times\",\"kind\":\"block\"}]},{\"kind\":\"category\",\"name\":\"Variables\",\"custom\":\"VARIABLE\",\"colour\":\"#a55b80\"}]},\"maxInstances\":{\"start\":1},\"workspaceBlocks\":[]},\"MinBlocksUsed\":7,\"LoopUsed\":false}', NULL, 0),
(56, 43, NULL, NULL, 'qss', 'sq', '{\"phaser\":{\"width\":5,\"height\":3,\"theme\":\"default\",\"layers\":{\"background\":{\"spriteSheet\":\"background\",\"spriteSheetType\":\"multi\",\"objects\":[{\"x\":0,\"y\":0,\"spriteIndex\":\"0\",\"properties\":{\"collides\":true}},{\"x\":1,\"y\":0,\"spriteIndex\":\"1\",\"properties\":{\"collides\":true}},{\"x\":2,\"y\":0,\"spriteIndex\":\"1\",\"properties\":{\"collides\":true}},{\"x\":3,\"y\":0,\"spriteIndex\":\"1\",\"properties\":{\"collides\":true}},{\"x\":4,\"y\":0,\"spriteIndex\":\"2\",\"properties\":{\"collides\":true}},{\"x\":0,\"y\":1,\"spriteIndex\":\"0\",\"properties\":{\"collides\":true}},{\"x\":1,\"y\":1,\"spriteIndex\":\"6\",\"properties\":{\"collides\":false}},{\"x\":2,\"y\":1,\"spriteIndex\":\"6\",\"properties\":{\"collides\":false}},{\"x\":3,\"y\":1,\"spriteIndex\":\"6\",\"properties\":{\"collides\":false}},{\"x\":4,\"y\":1,\"spriteIndex\":\"2\",\"properties\":{\"collides\":true}},{\"x\":0,\"y\":2,\"spriteIndex\":\"3\",\"properties\":{\"collides\":true}},{\"x\":1,\"y\":2,\"spriteIndex\":\"4\",\"properties\":{\"collides\":true}},{\"x\":2,\"y\":2,\"spriteIndex\":\"4\",\"properties\":{\"collides\":true}},{\"x\":3,\"y\":2,\"spriteIndex\":\"4\",\"properties\":{\"collides\":true}},{\"x\":4,\"y\":2,\"spriteIndex\":\"5\",\"properties\":{\"collides\":true}}],\"depth\":0},\"objects\":[{\"spriteSheet\":\"exit\",\"spriteSheetType\":\"img\",\"objects\":[{\"x\":3,\"y\":1,\"type\":\"exit\"}],\"depth\":1}],\"players\":{\"spriteSheet\":\"player\",\"spriteSheetType\":\"multi\",\"objects\":[{\"x\":1,\"y\":1}],\"depth\":2}}},\"blockly\":{\"maxInstances\":{\"start\":1},\"workspaceBlocks\":[{\"id\":\"movement\",\"opts\":{\"isDeletable\":false}},{\"id\":\"math_number\",\"opts\":{\"isDeletable\":false}}]},\"MinBlocksUsed\":3,\"LoopUsed\":false}', NULL, 0),
(57, 43, NULL, NULL, '', 'Nombre', '{\"phaser\":{\"width\":5,\"height\":5,\"theme\":\"default\",\"layers\":{\"background\":{\"spriteSheet\":\"background\",\"spriteSheetType\":\"multi\",\"objects\":[{\"x\":0,\"y\":0,\"spriteIndex\":\"0\",\"properties\":{\"collides\":true}},{\"x\":1,\"y\":0,\"spriteIndex\":\"1\",\"properties\":{\"collides\":true}},{\"x\":2,\"y\":0,\"spriteIndex\":\"1\",\"properties\":{\"collides\":true}},{\"x\":3,\"y\":0,\"spriteIndex\":\"1\",\"properties\":{\"collides\":true}},{\"x\":4,\"y\":0,\"spriteIndex\":\"2\",\"properties\":{\"collides\":true}},{\"x\":0,\"y\":1,\"spriteIndex\":\"0\",\"properties\":{\"collides\":true}},{\"x\":1,\"y\":1,\"spriteIndex\":\"6\",\"properties\":{\"collides\":false}},{\"x\":2,\"y\":1,\"spriteIndex\":\"6\",\"properties\":{\"collides\":false}},{\"x\":3,\"y\":1,\"spriteIndex\":\"6\",\"properties\":{\"collides\":false}},{\"x\":4,\"y\":1,\"spriteIndex\":\"2\",\"properties\":{\"collides\":true}},{\"x\":0,\"y\":2,\"spriteIndex\":\"3\",\"properties\":{\"collides\":true}},{\"x\":1,\"y\":2,\"spriteIndex\":\"4\",\"properties\":{\"collides\":true}},{\"x\":2,\"y\":2,\"spriteIndex\":\"7\",\"properties\":{\"collides\":true}},{\"x\":3,\"y\":2,\"spriteIndex\":\"6\",\"properties\":{\"collides\":false}},{\"x\":4,\"y\":2,\"spriteIndex\":\"2\",\"properties\":{\"collides\":true}},{\"x\":2,\"y\":3,\"spriteIndex\":\"0\",\"properties\":{\"collides\":true}},{\"x\":3,\"y\":3,\"spriteIndex\":\"6\",\"properties\":{\"collides\":false}},{\"x\":4,\"y\":3,\"spriteIndex\":\"2\",\"properties\":{\"collides\":true}},{\"x\":2,\"y\":4,\"spriteIndex\":\"3\",\"properties\":{\"collides\":true}},{\"x\":3,\"y\":4,\"spriteIndex\":\"4\",\"properties\":{\"collides\":true}},{\"x\":4,\"y\":4,\"spriteIndex\":\"5\",\"properties\":{\"collides\":true}}],\"depth\":0},\"objects\":[{\"spriteSheet\":\"exit\",\"spriteSheetType\":\"img\",\"objects\":[{\"x\":3,\"y\":3,\"type\":\"exit\"}],\"depth\":1}],\"players\":{\"spriteSheet\":\"player\",\"spriteSheetType\":\"multi\",\"objects\":[{\"x\":1,\"y\":1}],\"depth\":2}}},\"blockly\":{\"maxInstances\":{\"start\":1},\"workspaceBlocks\":[{\"id\":\"movement\",\"opts\":{\"isDeletable\":false}},{\"id\":\"math_number\",\"opts\":{\"isDeletable\":false}},{\"id\":\"movement\",\"opts\":{\"isDeletable\":false}},{\"id\":\"math_number\",\"opts\":{\"isDeletable\":false}}]},\"MinBlocksUsed\":5,\"LoopUsed\":false}', NULL, 0),
(61, 42, NULL, NULL, '', 'asdasd', '{\"phaser\":{\"width\":5,\"height\":5,\"theme\":\"default\",\"layers\":{\"background\":{\"spriteSheet\":\"background\",\"spriteSheetType\":\"multi\",\"objects\":[{\"x\":0,\"y\":0,\"spriteIndex\":\"0\",\"properties\":{\"collides\":true}},{\"x\":1,\"y\":0,\"spriteIndex\":\"1\",\"properties\":{\"collides\":true}},{\"x\":2,\"y\":0,\"spriteIndex\":\"1\",\"properties\":{\"collides\":true}},{\"x\":3,\"y\":0,\"spriteIndex\":\"1\",\"properties\":{\"collides\":true}},{\"x\":4,\"y\":0,\"spriteIndex\":\"2\",\"properties\":{\"collides\":true}},{\"x\":0,\"y\":1,\"spriteIndex\":\"0\",\"properties\":{\"collides\":true}},{\"x\":1,\"y\":1,\"spriteIndex\":\"6\",\"properties\":{\"collides\":false}},{\"x\":2,\"y\":1,\"spriteIndex\":\"6\",\"properties\":{\"collides\":false}},{\"x\":3,\"y\":1,\"spriteIndex\":\"6\",\"properties\":{\"collides\":false}},{\"x\":4,\"y\":1,\"spriteIndex\":\"2\",\"properties\":{\"collides\":true}},{\"x\":0,\"y\":2,\"spriteIndex\":\"0\",\"properties\":{\"collides\":true}},{\"x\":1,\"y\":2,\"spriteIndex\":\"6\",\"properties\":{\"collides\":false}},{\"x\":2,\"y\":2,\"spriteIndex\":\"6\",\"properties\":{\"collides\":false}},{\"x\":3,\"y\":2,\"spriteIndex\":\"6\",\"properties\":{\"collides\":false}},{\"x\":4,\"y\":2,\"spriteIndex\":\"2\",\"properties\":{\"collides\":true}},{\"x\":0,\"y\":3,\"spriteIndex\":\"0\",\"properties\":{\"collides\":true}},{\"x\":1,\"y\":3,\"spriteIndex\":\"6\",\"properties\":{\"collides\":false}},{\"x\":2,\"y\":3,\"spriteIndex\":\"6\",\"properties\":{\"collides\":false}},{\"x\":3,\"y\":3,\"spriteIndex\":\"6\",\"properties\":{\"collides\":false}},{\"x\":4,\"y\":3,\"spriteIndex\":\"2\",\"properties\":{\"collides\":true}},{\"x\":0,\"y\":4,\"spriteIndex\":\"3\",\"properties\":{\"collides\":true}},{\"x\":1,\"y\":4,\"spriteIndex\":\"4\",\"properties\":{\"collides\":true}},{\"x\":2,\"y\":4,\"spriteIndex\":\"4\",\"properties\":{\"collides\":true}},{\"x\":3,\"y\":4,\"spriteIndex\":\"4\",\"properties\":{\"collides\":true}},{\"x\":4,\"y\":4,\"spriteIndex\":\"5\",\"properties\":{\"collides\":true}}],\"depth\":0},\"objects\":[{\"spriteSheet\":\"exit\",\"spriteSheetType\":\"img\",\"objects\":[{\"x\":3,\"y\":1,\"type\":\"exit\"}],\"depth\":1}],\"players\":{\"spriteSheet\":\"player\",\"spriteSheetType\":\"multi\",\"objects\":[{\"x\":1,\"y\":1}],\"depth\":2}}},\"blockly\":{\"toolbox\":{\"kind\":\"categoryToolbox\",\"contents\":[{\"kind\":\"category\",\"name\":\"Actions\",\"colour\":\"#745ba5\",\"contents\":[{\"type\":\"movement\",\"kind\":\"block\"},{\"type\":\"changeStatus\",\"kind\":\"block\"}]},{\"kind\":\"category\",\"name\":\"Numbers\",\"colour\":\"#0d44ba\",\"contents\":[{\"type\":\"math_number\",\"kind\":\"block\"}]},{\"kind\":\"category\",\"name\":\"Loops\",\"colour\":\"#5ba55b\",\"contents\":[{\"type\":\"for_X_times\",\"kind\":\"block\"}]},{\"kind\":\"category\",\"name\":\"Variables\",\"custom\":\"VARIABLE\",\"colour\":\"#a55b80\"}]},\"maxInstances\":{\"start\":1},\"workspaceBlocks\":[]}}', NULL, 0),
(62, 42, NULL, NULL, '', 'asdasd2', '{\"phaser\":{\"width\":5,\"height\":5,\"theme\":\"default\",\"layers\":{\"background\":{\"spriteSheet\":\"background\",\"spriteSheetType\":\"multi\",\"objects\":[{\"x\":1,\"y\":0,\"spriteIndex\":\"1\",\"properties\":{\"collides\":true}},{\"x\":2,\"y\":0,\"spriteIndex\":\"1\",\"properties\":{\"collides\":true}},{\"x\":3,\"y\":0,\"spriteIndex\":\"1\",\"properties\":{\"collides\":true}},{\"x\":0,\"y\":1,\"spriteIndex\":\"0\",\"properties\":{\"collides\":true}},{\"x\":1,\"y\":1,\"spriteIndex\":\"6\",\"properties\":{\"collides\":false}},{\"x\":2,\"y\":1,\"spriteIndex\":\"6\",\"properties\":{\"collides\":false}},{\"x\":3,\"y\":1,\"spriteIndex\":\"6\",\"properties\":{\"collides\":false}},{\"x\":4,\"y\":1,\"spriteIndex\":\"2\",\"properties\":{\"collides\":true}},{\"x\":0,\"y\":2,\"spriteIndex\":\"0\",\"properties\":{\"collides\":true}},{\"x\":1,\"y\":2,\"spriteIndex\":\"6\",\"properties\":{\"collides\":false}},{\"x\":2,\"y\":2,\"spriteIndex\":\"6\",\"properties\":{\"collides\":false}},{\"x\":3,\"y\":2,\"spriteIndex\":\"6\",\"properties\":{\"collides\":false}},{\"x\":4,\"y\":2,\"spriteIndex\":\"2\",\"properties\":{\"collides\":true}},{\"x\":0,\"y\":3,\"spriteIndex\":\"0\",\"properties\":{\"collides\":true}},{\"x\":1,\"y\":3,\"spriteIndex\":\"6\",\"properties\":{\"collides\":false}},{\"x\":2,\"y\":3,\"spriteIndex\":\"6\",\"properties\":{\"collides\":false}},{\"x\":3,\"y\":3,\"spriteIndex\":\"6\",\"properties\":{\"collides\":false}},{\"x\":4,\"y\":3,\"spriteIndex\":\"2\",\"properties\":{\"collides\":true}},{\"x\":0,\"y\":4,\"spriteIndex\":\"3\",\"properties\":{\"collides\":true}},{\"x\":4,\"y\":4,\"spriteIndex\":\"5\",\"properties\":{\"collides\":true}}],\"depth\":0},\"objects\":[{\"spriteSheet\":\"exit\",\"spriteSheetType\":\"img\",\"objects\":[{\"x\":2,\"y\":1,\"type\":\"exit\"}],\"depth\":1}],\"players\":{\"spriteSheet\":\"player\",\"spriteSheetType\":\"multi\",\"objects\":[{\"x\":1,\"y\":1}],\"depth\":2}}},\"blockly\":{\"toolbox\":{\"kind\":\"categoryToolbox\",\"contents\":[{\"kind\":\"category\",\"name\":\"Actions\",\"colour\":\"#745ba5\",\"contents\":[{\"type\":\"movement\",\"kind\":\"block\",\"enabled\":true},{\"type\":\"changeStatus\",\"kind\":\"block\",\"enabled\":true}]},{\"kind\":\"category\",\"name\":\"Numbers\",\"colour\":\"#0d44ba\",\"contents\":[{\"type\":\"math_number\",\"kind\":\"block\",\"enabled\":true}]},{\"kind\":\"category\",\"name\":\"Loops\",\"colour\":\"#5ba55b\",\"contents\":[{\"type\":\"for_X_times\",\"kind\":\"block\"}]},{\"kind\":\"category\",\"name\":\"Variables\",\"custom\":\"VARIABLE\",\"colour\":\"#a55b80\"}]},\"maxInstances\":{\"start\":1},\"workspaceBlocks\":[]},\"MinBlocksUsed\":3,\"LoopUsed\":false}', NULL, 0),
(63, 42, NULL, NULL, '', 'asdasd23', '{\"phaser\":{\"width\":9,\"height\":5,\"theme\":\"default\",\"layers\":{\"background\":{\"spriteSheet\":\"background\",\"spriteSheetType\":\"multi\",\"objects\":[{\"x\":0,\"y\":0,\"spriteIndex\":\"6\",\"properties\":{\"collides\":false}},{\"x\":1,\"y\":0,\"spriteIndex\":\"6\",\"properties\":{\"collides\":false}},{\"x\":2,\"y\":0,\"spriteIndex\":\"6\",\"properties\":{\"collides\":false}},{\"x\":3,\"y\":0,\"spriteIndex\":\"6\",\"properties\":{\"collides\":false}},{\"x\":4,\"y\":0,\"spriteIndex\":\"6\",\"properties\":{\"collides\":false}},{\"x\":0,\"y\":1,\"spriteIndex\":\"6\",\"properties\":{\"collides\":false}},{\"x\":1,\"y\":1,\"spriteIndex\":\"6\",\"properties\":{\"collides\":false}},{\"x\":2,\"y\":1,\"spriteIndex\":\"6\",\"properties\":{\"collides\":false}},{\"x\":3,\"y\":1,\"spriteIndex\":\"6\",\"properties\":{\"collides\":false}},{\"x\":4,\"y\":1,\"spriteIndex\":\"6\",\"properties\":{\"collides\":false}},{\"x\":0,\"y\":2,\"spriteIndex\":\"6\",\"properties\":{\"collides\":false}},{\"x\":1,\"y\":2,\"spriteIndex\":\"6\",\"properties\":{\"collides\":false}},{\"x\":2,\"y\":2,\"spriteIndex\":\"6\",\"properties\":{\"collides\":false}},{\"x\":3,\"y\":2,\"spriteIndex\":\"6\",\"properties\":{\"collides\":false}},{\"x\":4,\"y\":2,\"spriteIndex\":\"6\",\"properties\":{\"collides\":false}}],\"depth\":0},\"objects\":[{\"spriteSheet\":\"exit\",\"spriteSheetType\":\"img\",\"objects\":[{\"x\":3,\"y\":0,\"type\":\"exit\"}],\"depth\":1}],\"players\":{\"spriteSheet\":\"player\",\"spriteSheetType\":\"multi\",\"objects\":[{\"x\":1,\"y\":0}],\"depth\":2}}},\"blockly\":{\"toolbox\":{\"kind\":\"categoryToolbox\",\"contents\":[{\"kind\":\"category\",\"name\":\"Actions\",\"colour\":\"#745ba5\",\"contents\":[{\"type\":\"movement\",\"kind\":\"block\",\"enabled\":true},{\"type\":\"changeStatus\",\"kind\":\"block\",\"enabled\":true}]},{\"kind\":\"category\",\"name\":\"Numbers\",\"colour\":\"#0d44ba\",\"contents\":[{\"type\":\"math_number\",\"kind\":\"block\",\"enabled\":true}]},{\"kind\":\"category\",\"name\":\"Loops\",\"colour\":\"#5ba55b\",\"contents\":[{\"type\":\"for_X_times\",\"kind\":\"block\"}]},{\"kind\":\"category\",\"name\":\"Variables\",\"custom\":\"VARIABLE\",\"colour\":\"#a55b80\"}]},\"maxInstances\":{\"start\":1},\"workspaceBlocks\":[]},\"MinBlocksUsed\":3,\"LoopUsed\":false}', NULL, 0),
(64, 42, NULL, NULL, '', 'asd', '{\"phaser\":{\"width\":9,\"height\":5,\"theme\":\"default\",\"layers\":{\"background\":{\"spriteSheet\":\"background\",\"spriteSheetType\":\"multi\",\"objects\":[{\"x\":0,\"y\":0,\"spriteIndex\":\"6\",\"properties\":{\"collides\":false}},{\"x\":1,\"y\":0,\"spriteIndex\":\"6\",\"properties\":{\"collides\":false}},{\"x\":2,\"y\":0,\"spriteIndex\":\"6\",\"properties\":{\"collides\":false}},{\"x\":3,\"y\":0,\"spriteIndex\":\"6\",\"properties\":{\"collides\":false}},{\"x\":4,\"y\":0,\"spriteIndex\":\"6\",\"properties\":{\"collides\":false}},{\"x\":0,\"y\":1,\"spriteIndex\":\"6\",\"properties\":{\"collides\":false}},{\"x\":1,\"y\":1,\"spriteIndex\":\"6\",\"properties\":{\"collides\":false}},{\"x\":2,\"y\":1,\"spriteIndex\":\"6\",\"properties\":{\"collides\":false}},{\"x\":3,\"y\":1,\"spriteIndex\":\"6\",\"properties\":{\"collides\":false}},{\"x\":4,\"y\":1,\"spriteIndex\":\"6\",\"properties\":{\"collides\":false}},{\"x\":0,\"y\":2,\"spriteIndex\":\"6\",\"properties\":{\"collides\":false}},{\"x\":1,\"y\":2,\"spriteIndex\":\"6\",\"properties\":{\"collides\":false}},{\"x\":2,\"y\":2,\"spriteIndex\":\"6\",\"properties\":{\"collides\":false}},{\"x\":3,\"y\":2,\"spriteIndex\":\"6\",\"properties\":{\"collides\":false}},{\"x\":4,\"y\":2,\"spriteIndex\":\"6\",\"properties\":{\"collides\":false}}],\"depth\":0},\"objects\":[{\"spriteSheet\":\"exit\",\"spriteSheetType\":\"img\",\"objects\":[{\"x\":3,\"y\":0,\"type\":\"exit\"}],\"depth\":1}],\"players\":{\"spriteSheet\":\"player\",\"spriteSheetType\":\"multi\",\"objects\":[{\"x\":1,\"y\":0}],\"depth\":2}}},\"blockly\":{\"toolbox\":{\"kind\":\"categoryToolbox\",\"contents\":[{\"kind\":\"category\",\"name\":\"Actions\",\"colour\":\"#745ba5\",\"contents\":[{\"type\":\"movement\",\"kind\":\"block\",\"enabled\":true},{\"type\":\"changeStatus\",\"kind\":\"block\",\"enabled\":true}]},{\"kind\":\"category\",\"name\":\"Numbers\",\"colour\":\"#0d44ba\",\"contents\":[{\"type\":\"math_number\",\"kind\":\"block\",\"enabled\":true}]},{\"kind\":\"category\",\"name\":\"Loops\",\"colour\":\"#5ba55b\",\"contents\":[{\"type\":\"for_X_times\",\"kind\":\"block\"}]},{\"kind\":\"category\",\"name\":\"Variables\",\"custom\":\"VARIABLE\",\"colour\":\"#a55b80\"}]},\"maxInstances\":{\"start\":1},\"workspaceBlocks\":[]},\"MinBlocksUsed\":3,\"LoopUsed\":false}', NULL, 0),
(65, 42, NULL, NULL, '', 'asdasd2', '{\"phaser\":{\"width\":9,\"height\":5,\"theme\":\"default\",\"layers\":{\"background\":{\"spriteSheet\":\"background\",\"spriteSheetType\":\"multi\",\"objects\":[{\"x\":0,\"y\":0,\"spriteIndex\":\"6\",\"properties\":{\"collides\":false}},{\"x\":1,\"y\":0,\"spriteIndex\":\"6\",\"properties\":{\"collides\":false}},{\"x\":2,\"y\":0,\"spriteIndex\":\"6\",\"properties\":{\"collides\":false}},{\"x\":3,\"y\":0,\"spriteIndex\":\"6\",\"properties\":{\"collides\":false}},{\"x\":4,\"y\":0,\"spriteIndex\":\"6\",\"properties\":{\"collides\":false}},{\"x\":0,\"y\":1,\"spriteIndex\":\"6\",\"properties\":{\"collides\":false}},{\"x\":1,\"y\":1,\"spriteIndex\":\"6\",\"properties\":{\"collides\":false}},{\"x\":2,\"y\":1,\"spriteIndex\":\"6\",\"properties\":{\"collides\":false}},{\"x\":3,\"y\":1,\"spriteIndex\":\"6\",\"properties\":{\"collides\":false}},{\"x\":4,\"y\":1,\"spriteIndex\":\"6\",\"properties\":{\"collides\":false}},{\"x\":0,\"y\":2,\"spriteIndex\":\"6\",\"properties\":{\"collides\":false}},{\"x\":1,\"y\":2,\"spriteIndex\":\"6\",\"properties\":{\"collides\":false}},{\"x\":2,\"y\":2,\"spriteIndex\":\"6\",\"properties\":{\"collides\":false}},{\"x\":3,\"y\":2,\"spriteIndex\":\"6\",\"properties\":{\"collides\":false}},{\"x\":4,\"y\":2,\"spriteIndex\":\"6\",\"properties\":{\"collides\":false}}],\"depth\":0},\"objects\":[{\"spriteSheet\":\"exit\",\"spriteSheetType\":\"img\",\"objects\":[{\"x\":3,\"y\":0,\"type\":\"exit\"}],\"depth\":1}],\"players\":{\"spriteSheet\":\"player\",\"spriteSheetType\":\"multi\",\"objects\":[{\"x\":1,\"y\":0}],\"depth\":2}}},\"blockly\":{\"toolbox\":{\"kind\":\"categoryToolbox\",\"contents\":[{\"kind\":\"category\",\"name\":\"Actions\",\"colour\":\"#745ba5\",\"contents\":[{\"type\":\"movement\",\"kind\":\"block\",\"enabled\":true},{\"type\":\"changeStatus\",\"kind\":\"block\",\"enabled\":true}]},{\"kind\":\"category\",\"name\":\"Numbers\",\"colour\":\"#0d44ba\",\"contents\":[{\"type\":\"math_number\",\"kind\":\"block\",\"enabled\":true}]},{\"kind\":\"category\",\"name\":\"Loops\",\"colour\":\"#5ba55b\",\"contents\":[{\"type\":\"for_X_times\",\"kind\":\"block\"}]},{\"kind\":\"category\",\"name\":\"Variables\",\"custom\":\"VARIABLE\",\"colour\":\"#a55b80\"}]},\"maxInstances\":{\"start\":1},\"workspaceBlocks\":[]},\"MinBlocksUsed\":3,\"LoopUsed\":false}', NULL, 0),
(66, 42, NULL, NULL, '', 'Publicado', '{\"phaser\":{\"width\":5,\"height\":5,\"theme\":\"default\",\"layers\":{\"background\":{\"spriteSheet\":\"background\",\"spriteSheetType\":\"multi\",\"objects\":[{\"x\":0,\"y\":0,\"spriteIndex\":\"6\",\"properties\":{\"collides\":false}},{\"x\":1,\"y\":0,\"spriteIndex\":\"6\",\"properties\":{\"collides\":false}},{\"x\":2,\"y\":0,\"spriteIndex\":\"6\",\"properties\":{\"collides\":false}},{\"x\":3,\"y\":0,\"spriteIndex\":\"6\",\"properties\":{\"collides\":false}},{\"x\":4,\"y\":0,\"spriteIndex\":\"6\",\"properties\":{\"collides\":false}},{\"x\":0,\"y\":1,\"spriteIndex\":\"6\",\"properties\":{\"collides\":false}},{\"x\":1,\"y\":1,\"spriteIndex\":\"6\",\"properties\":{\"collides\":false}},{\"x\":2,\"y\":1,\"spriteIndex\":\"6\",\"properties\":{\"collides\":false}},{\"x\":3,\"y\":1,\"spriteIndex\":\"6\",\"properties\":{\"collides\":false}},{\"x\":4,\"y\":1,\"spriteIndex\":\"6\",\"properties\":{\"collides\":false}},{\"x\":0,\"y\":2,\"spriteIndex\":\"6\",\"properties\":{\"collides\":false}},{\"x\":1,\"y\":2,\"spriteIndex\":\"6\",\"properties\":{\"collides\":false}},{\"x\":2,\"y\":2,\"spriteIndex\":\"6\",\"properties\":{\"collides\":false}},{\"x\":3,\"y\":2,\"spriteIndex\":\"6\",\"properties\":{\"collides\":false}},{\"x\":4,\"y\":2,\"spriteIndex\":\"6\",\"properties\":{\"collides\":false}},{\"x\":0,\"y\":3,\"spriteIndex\":\"6\",\"properties\":{\"collides\":false}},{\"x\":1,\"y\":3,\"spriteIndex\":\"6\",\"properties\":{\"collides\":false}},{\"x\":2,\"y\":3,\"spriteIndex\":\"6\",\"properties\":{\"collides\":false}},{\"x\":3,\"y\":3,\"spriteIndex\":\"6\",\"properties\":{\"collides\":false}},{\"x\":4,\"y\":3,\"spriteIndex\":\"6\",\"properties\":{\"collides\":false}},{\"x\":0,\"y\":4,\"spriteIndex\":\"6\",\"properties\":{\"collides\":false}},{\"x\":1,\"y\":4,\"spriteIndex\":\"6\",\"properties\":{\"collides\":false}},{\"x\":2,\"y\":4,\"spriteIndex\":\"6\",\"properties\":{\"collides\":false}},{\"x\":3,\"y\":4,\"spriteIndex\":\"6\",\"properties\":{\"collides\":false}},{\"x\":4,\"y\":4,\"spriteIndex\":\"6\",\"properties\":{\"collides\":false}}],\"depth\":0},\"objects\":[{\"spriteSheet\":\"exit\",\"spriteSheetType\":\"img\",\"objects\":[{\"x\":3,\"y\":1,\"type\":\"exit\"}],\"depth\":1}],\"players\":{\"spriteSheet\":\"player\",\"spriteSheetType\":\"multi\",\"objects\":[{\"x\":1,\"y\":1}],\"depth\":2}}},\"blockly\":{\"toolbox\":{\"kind\":\"categoryToolbox\",\"contents\":[{\"kind\":\"category\",\"name\":\"Actions\",\"colour\":\"#745ba5\",\"contents\":[{\"type\":\"movement\",\"kind\":\"block\",\"enabled\":true},{\"type\":\"changeStatus\",\"kind\":\"block\",\"enabled\":true}]},{\"kind\":\"category\",\"name\":\"Numbers\",\"colour\":\"#0d44ba\",\"contents\":[{\"type\":\"math_number\",\"kind\":\"block\",\"enabled\":true}]},{\"kind\":\"category\",\"name\":\"Loops\",\"colour\":\"#5ba55b\",\"contents\":[{\"type\":\"for_X_times\",\"kind\":\"block\"}]},{\"kind\":\"category\",\"name\":\"Variables\",\"custom\":\"VARIABLE\",\"colour\":\"#a55b80\"}]},\"maxInstances\":{\"start\":1},\"workspaceBlocks\":[]},\"MinBlocksUsed\":3,\"LoopUsed\":false}', NULL, 1),
(67, 43, NULL, NULL, '33', '433', '{\"phaser\":{\"width\":5,\"height\":5,\"theme\":\"default\",\"layers\":{\"background\":{\"spriteSheet\":\"background\",\"spriteSheetType\":\"multi\",\"objects\":[{\"x\":0,\"y\":0,\"spriteIndex\":\"6\",\"properties\":{\"collides\":false}},{\"x\":1,\"y\":0,\"spriteIndex\":\"6\",\"properties\":{\"collides\":false}},{\"x\":0,\"y\":1,\"spriteIndex\":\"6\",\"properties\":{\"collides\":false}},{\"x\":1,\"y\":1,\"spriteIndex\":\"6\",\"properties\":{\"collides\":false}}],\"depth\":0},\"objects\":[{\"spriteSheet\":\"exit\",\"spriteSheetType\":\"img\",\"objects\":[{\"x\":1,\"y\":0,\"type\":\"exit\"}],\"depth\":1}],\"players\":{\"spriteSheet\":\"player\",\"spriteSheetType\":\"multi\",\"objects\":[{\"x\":0,\"y\":0}],\"depth\":2}}},\"blockly\":{\"toolbox\":{\"kind\":\"categoryToolbox\",\"contents\":[{\"kind\":\"category\",\"name\":\"Actions\",\"colour\":\"#745ba5\",\"contents\":[{\"type\":\"movement\",\"kind\":\"block\",\"enabled\":true},{\"type\":\"changeStatus\",\"kind\":\"block\",\"enabled\":true}]},{\"kind\":\"category\",\"name\":\"Numbers\",\"colour\":\"#0d44ba\",\"contents\":[{\"type\":\"math_number\",\"kind\":\"block\",\"enabled\":true}]},{\"kind\":\"category\",\"name\":\"Loops\",\"colour\":\"#5ba55b\",\"contents\":[{\"type\":\"for_X_times\",\"kind\":\"block\"}]},{\"kind\":\"category\",\"name\":\"Variables\",\"custom\":\"VARIABLE\",\"colour\":\"#a55b80\"}]},\"maxInstances\":{\"start\":1},\"workspaceBlocks\":[]},\"MinBlocksUsed\":3,\"LoopUsed\":false}', NULL, 1),
(68, 43, NULL, NULL, 'qwq', 'Nombre', '{\"phaser\":{\"width\":5,\"height\":5,\"theme\":\"default\",\"layers\":{\"background\":{\"spriteSheet\":\"background\",\"spriteSheetType\":\"multi\",\"objects\":[{\"x\":0,\"y\":0,\"spriteIndex\":\"6\",\"properties\":{\"collides\":false}},{\"x\":1,\"y\":0,\"spriteIndex\":\"6\",\"properties\":{\"collides\":false}},{\"x\":2,\"y\":0,\"spriteIndex\":\"6\",\"properties\":{\"collides\":false}},{\"x\":0,\"y\":1,\"spriteIndex\":\"6\",\"properties\":{\"collides\":false}},{\"x\":1,\"y\":1,\"spriteIndex\":\"6\",\"properties\":{\"collides\":false}},{\"x\":2,\"y\":1,\"spriteIndex\":\"6\",\"properties\":{\"collides\":false}}],\"depth\":0},\"objects\":[{\"spriteSheet\":\"exit\",\"spriteSheetType\":\"img\",\"objects\":[{\"x\":2,\"y\":0,\"type\":\"exit\"}],\"depth\":1}],\"players\":{\"spriteSheet\":\"player\",\"spriteSheetType\":\"multi\",\"objects\":[{\"x\":0,\"y\":0}],\"depth\":2}}},\"blockly\":{\"toolbox\":{\"kind\":\"categoryToolbox\",\"contents\":[{\"kind\":\"category\",\"name\":\"Actions\",\"colour\":\"#745ba5\",\"contents\":[{\"type\":\"movement\",\"kind\":\"block\",\"enabled\":true},{\"type\":\"changeStatus\",\"kind\":\"block\",\"enabled\":true}]},{\"kind\":\"category\",\"name\":\"Numbers\",\"colour\":\"#0d44ba\",\"contents\":[{\"type\":\"math_number\",\"kind\":\"block\",\"enabled\":true}]},{\"kind\":\"category\",\"name\":\"Loops\",\"colour\":\"#5ba55b\",\"contents\":[{\"type\":\"for_X_times\",\"kind\":\"block\"}]},{\"kind\":\"category\",\"name\":\"Variables\",\"custom\":\"VARIABLE\",\"colour\":\"#a55b80\"}]},\"maxInstances\":{\"start\":1},\"workspaceBlocks\":[]},\"MinBlocksUsed\":3,\"LoopUsed\":false,\"variableUsed\":false,\"firstStar\":\"Don\'t bounce\",\"secondStar\":\"Use 3 or less blocks\",\"thirdStar\":\"Use 5 or less blocks\"}', NULL, 0),
(69, 43, NULL, NULL, '1212', '1212', '{\"phaser\":{\"width\":5,\"height\":5,\"theme\":\"default\",\"layers\":{\"background\":{\"spriteSheet\":\"background\",\"spriteSheetType\":\"multi\",\"objects\":[{\"x\":0,\"y\":0,\"spriteIndex\":\"6\",\"properties\":{\"collides\":false}},{\"x\":1,\"y\":0,\"spriteIndex\":\"6\",\"properties\":{\"collides\":false}},{\"x\":2,\"y\":0,\"spriteIndex\":\"6\",\"properties\":{\"collides\":false}},{\"x\":0,\"y\":1,\"spriteIndex\":\"6\",\"properties\":{\"collides\":false}},{\"x\":1,\"y\":1,\"spriteIndex\":\"6\",\"properties\":{\"collides\":false}},{\"x\":2,\"y\":1,\"spriteIndex\":\"6\",\"properties\":{\"collides\":false}}],\"depth\":0},\"objects\":[{\"spriteSheet\":\"exit\",\"spriteSheetType\":\"img\",\"objects\":[{\"x\":2,\"y\":0,\"type\":\"exit\"}],\"depth\":1}],\"players\":{\"spriteSheet\":\"player\",\"spriteSheetType\":\"multi\",\"objects\":[{\"x\":0,\"y\":0}],\"depth\":2}}},\"blockly\":{\"toolbox\":{\"kind\":\"categoryToolbox\",\"contents\":[{\"kind\":\"category\",\"name\":\"Actions\",\"colour\":\"#745ba5\",\"contents\":[{\"type\":\"movement\",\"kind\":\"block\",\"enabled\":true},{\"type\":\"changeStatus\",\"kind\":\"block\",\"enabled\":true}]},{\"kind\":\"category\",\"name\":\"Numbers\",\"colour\":\"#0d44ba\",\"contents\":[{\"type\":\"math_number\",\"kind\":\"block\",\"enabled\":true}]},{\"kind\":\"category\",\"name\":\"Loops\",\"colour\":\"#5ba55b\",\"contents\":[{\"type\":\"for_X_times\",\"kind\":\"block\"}]},{\"kind\":\"category\",\"name\":\"Variables\",\"custom\":\"VARIABLE\",\"colour\":\"#a55b80\"}]},\"maxInstances\":{\"start\":1},\"workspaceBlocks\":[]},\"MinBlocksUsed\":3,\"LoopUsed\":false,\"variableUsed\":false,\"firstStar\":\"Don\'t bounce\",\"secondStar\":\"Use 3 or less blocks\",\"thirdStar\":\"Use 5 or less blocks\"}', NULL, 1);

-- --------------------------------------------------------

--
-- Estructura de tabla para la tabla `classlevels`
--

DROP TABLE IF EXISTS `classlevels`;
CREATE TABLE `classlevels` (
  `id_clase` int(11) NOT NULL,
  `id_nivel` int(11) NOT NULL
) ENGINE=InnoDB DEFAULT CHARSET=utf8mb4 COLLATE=utf8mb4_general_ci;

--
-- Volcado de datos para la tabla `classlevels`
--

INSERT INTO `classlevels` (`id_clase`, `id_nivel`) VALUES
(1, 57),
(58, 47);

-- --------------------------------------------------------

--
-- Estructura de tabla para la tabla `group`
--

DROP TABLE IF EXISTS `group`;
CREATE TABLE `group` (
  `id` int(11) NOT NULL,
  `name` varchar(100) NOT NULL,
  `code` varchar(5) DEFAULT NULL,
  `Description` varchar(150) NOT NULL
) ENGINE=InnoDB DEFAULT CHARSET=utf8mb4 COLLATE=utf8mb4_general_ci;

--
-- Volcado de datos para la tabla `group`
--

INSERT INTO `group` (`id`, `name`, `code`, `Description`) VALUES
(1, 'Clase 1', 'CODEX', 'Esta magnifica clase ha sido creada con el fin de enseñar mucho y muy bien gracias'),
(2, 'Grupo 2', 'ENTER', ''),
(18, 'ENTER', 'hola', ''),
(56, 'holaaaa', 'qqwe', ''),
(57, 'qqqqq', 'asda', ''),
(58, 'qwq', 'wq', ''),
(59, 'qqqqqqqqq', 'as', ''),
(60, 'pepepeppe', 'lala', '');

-- --------------------------------------------------------

--
-- Estructura de tabla para la tabla `level`
--

DROP TABLE IF EXISTS `level`;
CREATE TABLE `level` (
  `id` int(11) NOT NULL,
  `user` int(11) NOT NULL,
  `category` int(11) DEFAULT NULL,
  `self` int(11) DEFAULT NULL,
  `description` varchar(200) DEFAULT NULL,
  `title` varchar(50) NOT NULL,
  `data` longtext NOT NULL,
  `minBlocks` int(11) DEFAULT NULL
) ENGINE=InnoDB DEFAULT CHARSET=utf8mb4 COLLATE=utf8mb4_general_ci;

--
-- Volcado de datos para la tabla `level`
--

INSERT INTO `level` (`id`, `user`, `category`, `self`, `description`, `title`, `data`, `minBlocks`) VALUES
(1, 5, 1, NULL, 'Aprende el flujo básico del juego', 'Movement', '{\"phaser\":{\"width\":5,\"height\":3,\"theme\":\"default\",\"layers\":{\"background\":{\"spriteSheet\":\"background\",\"spriteSheetType\":\"multi\",\"objects\":[{\"x\":0,\"y\":0,\"spriteIndex\":\"0\",\"properties\":{\"collides\":true}},{\"x\":1,\"y\":0,\"spriteIndex\":\"1\",\"properties\":{\"collides\":true}},{\"x\":2,\"y\":0,\"spriteIndex\":\"1\",\"properties\":{\"collides\":true}},{\"x\":3,\"y\":0,\"spriteIndex\":\"1\",\"properties\":{\"collides\":true}},{\"x\":4,\"y\":0,\"spriteIndex\":\"2\",\"properties\":{\"collides\":true}},{\"x\":0,\"y\":1,\"spriteIndex\":\"0\",\"properties\":{\"collides\":true}},{\"x\":1,\"y\":1,\"spriteIndex\":\"6\",\"properties\":{\"collides\":false}},{\"x\":2,\"y\":1,\"spriteIndex\":\"6\",\"properties\":{\"collides\":false}},{\"x\":3,\"y\":1,\"spriteIndex\":\"6\",\"properties\":{\"collides\":false}},{\"x\":4,\"y\":1,\"spriteIndex\":\"2\",\"properties\":{\"collides\":true}},{\"x\":0,\"y\":2,\"spriteIndex\":\"3\",\"properties\":{\"collides\":true}},{\"x\":1,\"y\":2,\"spriteIndex\":\"4\",\"properties\":{\"collides\":true}},{\"x\":2,\"y\":2,\"spriteIndex\":\"4\",\"properties\":{\"collides\":true}},{\"x\":3,\"y\":2,\"spriteIndex\":\"4\",\"properties\":{\"collides\":true}},{\"x\":4,\"y\":2,\"spriteIndex\":\"5\",\"properties\":{\"collides\":true}}],\"depth\":0},\"objects\":[{\"spriteSheet\":\"exit\",\"spriteSheetType\":\"img\",\"objects\":[{\"x\":3,\"y\":1,\"type\":\"exit\"}],\"depth\":1}],\"players\":{\"spriteSheet\":\"player\",\"spriteSheetType\":\"multi\",\"objects\":[{\"x\":1,\"y\":1}],\"depth\":2}}},\"blockly\":{\"maxInstances\":{\"start\":1},\"workspaceBlocks\":[{\"id\":\"movement\",\"opts\":{\"isDeletable\":false}},{\"id\":\"math_number\",\"opts\":{\"isDeletable\":false}}]}}', 3),
(2, 5, 1, NULL, 'Aprende a cambiar de dirección', 'Movement - 2', '{\"phaser\":{\"width\":5,\"height\":5,\"theme\":\"default\",\"layers\":{\"background\":{\"spriteSheet\":\"background\",\"spriteSheetType\":\"multi\",\"objects\":[{\"x\":0,\"y\":0,\"spriteIndex\":\"0\",\"properties\":{\"collides\":true}},{\"x\":1,\"y\":0,\"spriteIndex\":\"1\",\"properties\":{\"collides\":true}},{\"x\":2,\"y\":0,\"spriteIndex\":\"1\",\"properties\":{\"collides\":true}},{\"x\":3,\"y\":0,\"spriteIndex\":\"1\",\"properties\":{\"collides\":true}},{\"x\":4,\"y\":0,\"spriteIndex\":\"2\",\"properties\":{\"collides\":true}},{\"x\":0,\"y\":1,\"spriteIndex\":\"0\",\"properties\":{\"collides\":true}},{\"x\":1,\"y\":1,\"spriteIndex\":\"6\",\"properties\":{\"collides\":false}},{\"x\":2,\"y\":1,\"spriteIndex\":\"6\",\"properties\":{\"collides\":false}},{\"x\":3,\"y\":1,\"spriteIndex\":\"6\",\"properties\":{\"collides\":false}},{\"x\":4,\"y\":1,\"spriteIndex\":\"2\",\"properties\":{\"collides\":true}},{\"x\":0,\"y\":2,\"spriteIndex\":\"3\",\"properties\":{\"collides\":true}},{\"x\":1,\"y\":2,\"spriteIndex\":\"4\",\"properties\":{\"collides\":true}},{\"x\":2,\"y\":2,\"spriteIndex\":\"7\",\"properties\":{\"collides\":true}},{\"x\":3,\"y\":2,\"spriteIndex\":\"6\",\"properties\":{\"collides\":false}},{\"x\":4,\"y\":2,\"spriteIndex\":\"2\",\"properties\":{\"collides\":true}},{\"x\":2,\"y\":3,\"spriteIndex\":\"0\",\"properties\":{\"collides\":true}},{\"x\":3,\"y\":3,\"spriteIndex\":\"6\",\"properties\":{\"collides\":false}},{\"x\":4,\"y\":3,\"spriteIndex\":\"2\",\"properties\":{\"collides\":true}},{\"x\":2,\"y\":4,\"spriteIndex\":\"3\",\"properties\":{\"collides\":true}},{\"x\":3,\"y\":4,\"spriteIndex\":\"4\",\"properties\":{\"collides\":true}},{\"x\":4,\"y\":4,\"spriteIndex\":\"5\",\"properties\":{\"collides\":true}}],\"depth\":0},\"objects\":[{\"spriteSheet\":\"exit\",\"spriteSheetType\":\"img\",\"objects\":[{\"x\":3,\"y\":3,\"type\":\"exit\"}],\"depth\":1}],\"players\":{\"spriteSheet\":\"player\",\"spriteSheetType\":\"multi\",\"objects\":[{\"x\":1,\"y\":1}],\"depth\":2}}},\"blockly\":{\"maxInstances\":{\"start\":1},\"workspaceBlocks\":[{\"id\":\"movement\",\"opts\":{\"isDeletable\":false}},{\"id\":\"math_number\",\"opts\":{\"isDeletable\":false}},{\"id\":\"movement\",\"opts\":{\"isDeletable\":false}},{\"id\":\"math_number\",\"opts\":{\"isDeletable\":false}}]}}', 5),
(3, 5, 1, NULL, 'Intenta evitar la trampa', 'Trap', '{\"phaser\":{\"width\":5,\"height\":4,\"theme\":\"default\",\"layers\":{\"background\":{\"spriteSheet\":\"background\",\"spriteSheetType\":\"multi\",\"objects\":[{\"x\":0,\"y\":0,\"spriteIndex\":\"0\",\"properties\":{\"collides\":true}},{\"x\":1,\"y\":0,\"spriteIndex\":\"1\",\"properties\":{\"collides\":true}},{\"x\":2,\"y\":0,\"spriteIndex\":\"1\",\"properties\":{\"collides\":true}},{\"x\":3,\"y\":0,\"spriteIndex\":\"1\",\"properties\":{\"collides\":true}},{\"x\":4,\"y\":0,\"spriteIndex\":\"2\",\"properties\":{\"collides\":true}},{\"x\":0,\"y\":1,\"spriteIndex\":\"0\",\"properties\":{\"collides\":true}},{\"x\":1,\"y\":1,\"spriteIndex\":\"6\",\"properties\":{\"collides\":false}},{\"x\":2,\"y\":1,\"spriteIndex\":\"6\",\"properties\":{\"collides\":false}},{\"x\":3,\"y\":1,\"spriteIndex\":\"6\",\"properties\":{\"collides\":false}},{\"x\":4,\"y\":1,\"spriteIndex\":\"2\",\"properties\":{\"collides\":true}},{\"x\":0,\"y\":2,\"spriteIndex\":\"0\",\"properties\":{\"collides\":true}},{\"x\":1,\"y\":2,\"spriteIndex\":\"6\",\"properties\":{\"collides\":false}},{\"x\":2,\"y\":2,\"spriteIndex\":\"6\",\"properties\":{\"collides\":false}},{\"x\":3,\"y\":2,\"spriteIndex\":\"6\",\"properties\":{\"collides\":false}},{\"x\":4,\"y\":2,\"spriteIndex\":\"2\",\"properties\":{\"collides\":true}},{\"x\":0,\"y\":3,\"spriteIndex\":\"3\",\"properties\":{\"collides\":true}},{\"x\":1,\"y\":3,\"spriteIndex\":\"4\",\"properties\":{\"collides\":true}},{\"x\":2,\"y\":3,\"spriteIndex\":\"4\",\"properties\":{\"collides\":true}},{\"x\":3,\"y\":3,\"spriteIndex\":\"4\",\"properties\":{\"collides\":true}},{\"x\":4,\"y\":3,\"spriteIndex\":\"5\",\"properties\":{\"collides\":true}}],\"depth\":0},\"objects\":[{\"spriteSheet\":\"trap\",\"spriteSheetType\":\"multi\",\"objects\":[{\"x\":2,\"y\":1,\"type\":\"trap\",\"properties\":{\"enabled\":true}}],\"depth\":1},{\"spriteSheet\":\"exit\",\"spriteSheetType\":\"img\",\"objects\":[{\"x\":3,\"y\":1,\"type\":\"exit\"}],\"depth\":1}],\"players\":{\"spriteSheet\":\"player\",\"spriteSheetType\":\"multi\",\"objects\":[{\"x\":1,\"y\":1}],\"depth\":2}}},\"blockly\":{\"toolbox\":{\"kind\":\"categoryToolbox\",\"contents\":[{\"kind\":\"category\",\"name\":\"Actions\",\"colour\":\"#745ba5\",\"contents\":[{\"type\":\"movement\",\"kind\":\"block\"}]},{\"kind\":\"category\",\"name\":\"Numbers\",\"colour\":\"#0d44ba\",\"contents\":[{\"type\":\"math_number\",\"kind\":\"block\"}]}]},\"maxInstances\":{\"start\":1,\"movement\":3,\"math_number\":3},\"workspaceBlocks\":[]}}', 7),
(4, 5, 1, NULL, 'Aprende a desactivar las trampas', 'Trap - 2', '{\"phaser\":{\"width\":7,\"height\":5,\"theme\":\"default\",\"layers\":{\"background\":{\"spriteSheet\":\"background\",\"spriteSheetType\":\"multi\",\"objects\":[{\"x\":0,\"y\":0,\"spriteIndex\":\"0\",\"properties\":{\"collides\":true}},{\"x\":1,\"y\":0,\"spriteIndex\":\"1\",\"properties\":{\"collides\":true}},{\"x\":2,\"y\":0,\"spriteIndex\":\"1\",\"properties\":{\"collides\":true}},{\"x\":3,\"y\":0,\"spriteIndex\":\"1\",\"properties\":{\"collides\":true}},{\"x\":4,\"y\":0,\"spriteIndex\":\"1\",\"properties\":{\"collides\":true}},{\"x\":5,\"y\":0,\"spriteIndex\":\"1\",\"properties\":{\"collides\":true}},{\"x\":6,\"y\":0,\"spriteIndex\":\"2\",\"properties\":{\"collides\":true}},{\"x\":0,\"y\":1,\"spriteIndex\":\"0\",\"properties\":{\"collides\":true}},{\"x\":1,\"y\":1,\"spriteIndex\":\"6\",\"properties\":{\"collides\":false}},{\"x\":2,\"y\":1,\"spriteIndex\":\"6\",\"properties\":{\"collides\":false}},{\"x\":3,\"y\":1,\"spriteIndex\":\"6\",\"properties\":{\"collides\":false}},{\"x\":4,\"y\":1,\"spriteIndex\":\"6\",\"properties\":{\"collides\":false}},{\"x\":5,\"y\":1,\"spriteIndex\":\"6\",\"properties\":{\"collides\":false}},{\"x\":6,\"y\":1,\"spriteIndex\":\"2\",\"properties\":{\"collides\":true}},{\"x\":0,\"y\":2,\"spriteIndex\":\"0\",\"properties\":{\"collides\":true}},{\"x\":1,\"y\":2,\"spriteIndex\":\"6\",\"properties\":{\"collides\":false}},{\"x\":2,\"y\":2,\"spriteIndex\":\"6\",\"properties\":{\"collides\":false}},{\"x\":3,\"y\":2,\"spriteIndex\":\"6\",\"properties\":{\"collides\":false}},{\"x\":4,\"y\":2,\"spriteIndex\":\"6\",\"properties\":{\"collides\":false}},{\"x\":5,\"y\":2,\"spriteIndex\":\"6\",\"properties\":{\"collides\":false}},{\"x\":6,\"y\":2,\"spriteIndex\":\"2\",\"properties\":{\"collides\":true}},{\"x\":0,\"y\":3,\"spriteIndex\":\"0\",\"properties\":{\"collides\":true}},{\"x\":1,\"y\":3,\"spriteIndex\":\"6\",\"properties\":{\"collides\":false}},{\"x\":2,\"y\":3,\"spriteIndex\":\"6\",\"properties\":{\"collides\":false}},{\"x\":3,\"y\":3,\"spriteIndex\":\"6\",\"properties\":{\"collides\":false}},{\"x\":4,\"y\":3,\"spriteIndex\":\"6\",\"properties\":{\"collides\":false}},{\"x\":5,\"y\":3,\"spriteIndex\":\"6\",\"properties\":{\"collides\":false}},{\"x\":6,\"y\":3,\"spriteIndex\":\"2\",\"properties\":{\"collides\":true}},{\"x\":0,\"y\":4,\"spriteIndex\":\"3\",\"properties\":{\"collides\":true}},{\"x\":1,\"y\":4,\"spriteIndex\":\"4\",\"properties\":{\"collides\":true}},{\"x\":2,\"y\":4,\"spriteIndex\":\"4\",\"properties\":{\"collides\":true}},{\"x\":3,\"y\":4,\"spriteIndex\":\"4\",\"properties\":{\"collides\":true}},{\"x\":4,\"y\":4,\"spriteIndex\":\"4\",\"properties\":{\"collides\":true}},{\"x\":5,\"y\":4,\"spriteIndex\":\"4\",\"properties\":{\"collides\":true}},{\"x\":6,\"y\":4,\"spriteIndex\":\"5\",\"properties\":{\"collides\":true}}],\"depth\":0},\"objects\":[{\"spriteSheet\":\"trap\",\"spriteSheetType\":\"multi\",\"objects\":[{\"x\":2,\"y\":1,\"type\":\"trap\",\"properties\":{\"enabled\":true}},{\"x\":4,\"y\":1,\"type\":\"trap\",\"properties\":{\"enabled\":true}},{\"x\":4,\"y\":3,\"type\":\"trap\",\"properties\":{\"enabled\":true}}],\"depth\":1},{\"spriteSheet\":\"exit\",\"spriteSheetType\":\"img\",\"objects\":[{\"x\":5,\"y\":1,\"type\":\"exit\"}],\"depth\":1},{\"spriteSheet\":\"wall\",\"spriteSheetType\":\"img\",\"objects\":[{\"x\":2,\"y\":2,\"type\":\"wall\"}],\"depth\":1}],\"players\":{\"spriteSheet\":\"player\",\"spriteSheetType\":\"multi\",\"objects\":[{\"x\":1,\"y\":1}],\"depth\":2}}},\"blockly\":{\"toolbox\":{\"kind\":\"categoryToolbox\",\"contents\":[{\"kind\":\"category\",\"name\":\"Actions\",\"colour\":\"#745ba5\",\"contents\":[{\"type\":\"movement\",\"kind\":\"block\"},{\"type\":\"changeStatus\",\"kind\":\"block\"}]},{\"kind\":\"category\",\"name\":\"Numbers\",\"colour\":\"#0d44ba\",\"contents\":[{\"type\":\"math_number\",\"kind\":\"block\"}]}]},\"maxInstances\":{\"start\":1,\"math_number\":5,\"changeStatus\":1,\"movement\":5},\"workspaceBlocks\":[{\"id\":\"changeStatus\",\"opts\":{\"isDeletable\":true}}]}}', 4),
(5, 5, 1, NULL, 'Aprende a esquivar a el enemigo', 'Enemy', '{\"phaser\":{\"width\":5,\"height\":4,\"theme\":\"default\",\"layers\":{\"background\":{\"spriteSheet\":\"background\",\"spriteSheetType\":\"multi\",\"objects\":[{\"x\":0,\"y\":0,\"spriteIndex\":\"0\",\"properties\":{\"collides\":true}},{\"x\":1,\"y\":0,\"spriteIndex\":\"1\",\"properties\":{\"collides\":true}},{\"x\":2,\"y\":0,\"spriteIndex\":\"1\",\"properties\":{\"collides\":true}},{\"x\":3,\"y\":0,\"spriteIndex\":\"1\",\"properties\":{\"collides\":true}},{\"x\":4,\"y\":0,\"spriteIndex\":\"2\",\"properties\":{\"collides\":true}},{\"x\":0,\"y\":1,\"spriteIndex\":\"0\",\"properties\":{\"collides\":true}},{\"x\":1,\"y\":1,\"spriteIndex\":\"6\",\"properties\":{\"collides\":false}},{\"x\":2,\"y\":1,\"spriteIndex\":\"6\",\"properties\":{\"collides\":false}},{\"x\":3,\"y\":1,\"spriteIndex\":\"6\",\"properties\":{\"collides\":false}},{\"x\":4,\"y\":1,\"spriteIndex\":\"2\",\"properties\":{\"collides\":true}},{\"x\":0,\"y\":2,\"spriteIndex\":\"0\",\"properties\":{\"collides\":true}},{\"x\":1,\"y\":2,\"spriteIndex\":\"6\",\"properties\":{\"collides\":false}},{\"x\":2,\"y\":2,\"spriteIndex\":\"6\",\"properties\":{\"collides\":false}},{\"x\":3,\"y\":2,\"spriteIndex\":\"6\",\"properties\":{\"collides\":false}},{\"x\":4,\"y\":2,\"spriteIndex\":\"2\",\"properties\":{\"collides\":true}},{\"x\":0,\"y\":3,\"spriteIndex\":\"3\",\"properties\":{\"collides\":true}},{\"x\":1,\"y\":3,\"spriteIndex\":\"4\",\"properties\":{\"collides\":true}},{\"x\":2,\"y\":3,\"spriteIndex\":\"4\",\"properties\":{\"collides\":true}},{\"x\":3,\"y\":3,\"spriteIndex\":\"4\",\"properties\":{\"collides\":true}},{\"x\":4,\"y\":3,\"spriteIndex\":\"5\",\"properties\":{\"collides\":true}}],\"depth\":0},\"objects\":[{\"spriteSheet\":\"enemy\",\"spriteSheetType\":\"multi\",\"objects\":[{\"x\":2,\"y\":1,\"type\":\"enemy\"}],\"depth\":1},{\"spriteSheet\":\"exit\",\"spriteSheetType\":\"img\",\"objects\":[{\"x\":3,\"y\":1,\"type\":\"exit\"}],\"depth\":1}],\"players\":{\"spriteSheet\":\"player\",\"spriteSheetType\":\"multi\",\"objects\":[{\"x\":1,\"y\":1}],\"depth\":2}}},\"blockly\":{\"toolbox\":{\"kind\":\"categoryToolbox\",\"contents\":[{\"kind\":\"category\",\"name\":\"Actions\",\"colour\":\"#745ba5\",\"contents\":[{\"type\":\"movement\",\"kind\":\"block\"}]},{\"kind\":\"category\",\"name\":\"Numbers\",\"colour\":\"#0d44ba\",\"contents\":[{\"type\":\"math_number\",\"kind\":\"block\"}]}]},\"maxInstances\":{\"start\":1,\"math_number\":3,\"movement\":3},\"workspaceBlocks\":[{\"id\":\"movement\",\"opts\":{\"isDeletable\":false}},{\"id\":\"math_number\",\"opts\":{\"isDeletable\":false}}]}}', 3),
(6, 5, 1, NULL, 'Otra vez un enemigo', 'Enemy - 2', '{\"phaser\":{\"width\":6,\"height\":5,\"theme\":\"default\",\"layers\":{\"background\":{\"spriteSheet\":\"background\",\"spriteSheetType\":\"multi\",\"objects\":[{\"x\":0,\"y\":0,\"spriteIndex\":\"0\",\"properties\":{\"collides\":true}},{\"x\":1,\"y\":0,\"spriteIndex\":\"1\",\"properties\":{\"collides\":true}},{\"x\":2,\"y\":0,\"spriteIndex\":\"1\",\"properties\":{\"collides\":true}},{\"x\":3,\"y\":0,\"spriteIndex\":\"1\",\"properties\":{\"collides\":true}},{\"x\":4,\"y\":0,\"spriteIndex\":\"1\",\"properties\":{\"collides\":true}},{\"x\":5,\"y\":0,\"spriteIndex\":\"2\",\"properties\":{\"collides\":true}},{\"x\":0,\"y\":1,\"spriteIndex\":\"0\",\"properties\":{\"collides\":true}},{\"x\":1,\"y\":1,\"spriteIndex\":\"6\",\"properties\":{\"collides\":false}},{\"x\":2,\"y\":1,\"spriteIndex\":\"6\",\"properties\":{\"collides\":false}},{\"x\":3,\"y\":1,\"spriteIndex\":\"6\",\"properties\":{\"collides\":false}},{\"x\":4,\"y\":1,\"spriteIndex\":\"6\",\"properties\":{\"collides\":false}},{\"x\":5,\"y\":1,\"spriteIndex\":\"2\",\"properties\":{\"collides\":true}},{\"x\":0,\"y\":2,\"spriteIndex\":\"3\",\"properties\":{\"collides\":true}},{\"x\":1,\"y\":2,\"spriteIndex\":\"4\",\"properties\":{\"collides\":true}},{\"x\":2,\"y\":2,\"spriteIndex\":\"7\",\"properties\":{\"collides\":true}},{\"x\":3,\"y\":2,\"spriteIndex\":\"6\",\"properties\":{\"collides\":false}},{\"x\":4,\"y\":2,\"spriteIndex\":\"8\",\"properties\":{\"collides\":true}},{\"x\":5,\"y\":2,\"spriteIndex\":\"5\",\"properties\":{\"collides\":true}},{\"x\":2,\"y\":3,\"spriteIndex\":\"0\",\"properties\":{\"collides\":true}},{\"x\":3,\"y\":3,\"spriteIndex\":\"6\",\"properties\":{\"collides\":false}},{\"x\":4,\"y\":3,\"spriteIndex\":\"2\",\"properties\":{\"collides\":true}},{\"x\":2,\"y\":4,\"spriteIndex\":\"3\",\"properties\":{\"collides\":true}},{\"x\":3,\"y\":4,\"spriteIndex\":\"4\",\"properties\":{\"collides\":true}},{\"x\":4,\"y\":4,\"spriteIndex\":\"5\",\"properties\":{\"collides\":true}}],\"depth\":0},\"objects\":[{\"spriteSheet\":\"enemy\",\"spriteSheetType\":\"multi\",\"objects\":[{\"x\":3,\"y\":1,\"type\":\"enemy\"}],\"depth\":1},{\"spriteSheet\":\"exit\",\"spriteSheetType\":\"img\",\"objects\":[{\"x\":4,\"y\":1,\"type\":\"exit\"}],\"depth\":1}],\"players\":{\"spriteSheet\":\"player\",\"spriteSheetType\":\"multi\",\"objects\":[{\"x\":1,\"y\":1}],\"depth\":2}}},\"blockly\":{\"maxInstances\":{\"start\":1},\"workspaceBlocks\":[{\"id\":\"movement\",\"opts\":{\"isDeletable\":false}}}}', 3),
(7, 5, 1, NULL, 'Intenta tomar el cofre para obtener 1 estrella', 'Chest', '{\"phaser\":{\"width\":5,\"height\":4,\"theme\":\"default\",\"layers\":{\"background\":{\"spriteSheet\":\"background\",\"spriteSheetType\":\"multi\",\"objects\":[{\"x\":0,\"y\":0,\"spriteIndex\":\"0\",\"properties\":{\"collides\":true}},{\"x\":1,\"y\":0,\"spriteIndex\":\"1\",\"properties\":{\"collides\":true}},{\"x\":2,\"y\":0,\"spriteIndex\":\"1\",\"properties\":{\"collides\":true}},{\"x\":3,\"y\":0,\"spriteIndex\":\"1\",\"properties\":{\"collides\":true}},{\"x\":4,\"y\":0,\"spriteIndex\":\"2\",\"properties\":{\"collides\":true}},{\"x\":0,\"y\":1,\"spriteIndex\":\"0\",\"properties\":{\"collides\":true}},{\"x\":1,\"y\":1,\"spriteIndex\":\"6\",\"properties\":{\"collides\":false}},{\"x\":2,\"y\":1,\"spriteIndex\":\"6\",\"properties\":{\"collides\":false}},{\"x\":3,\"y\":1,\"spriteIndex\":\"6\",\"properties\":{\"collides\":false}},{\"x\":4,\"y\":1,\"spriteIndex\":\"2\",\"properties\":{\"collides\":true}},{\"x\":0,\"y\":2,\"spriteIndex\":\"0\",\"properties\":{\"collides\":true}},{\"x\":1,\"y\":2,\"spriteIndex\":\"6\",\"properties\":{\"collides\":false}},{\"x\":2,\"y\":2,\"spriteIndex\":\"6\",\"properties\":{\"collides\":false}},{\"x\":3,\"y\":2,\"spriteIndex\":\"6\",\"properties\":{\"collides\":false}},{\"x\":4,\"y\":2,\"spriteIndex\":\"2\",\"properties\":{\"collides\":true}},{\"x\":0,\"y\":3,\"spriteIndex\":\"3\",\"properties\":{\"collides\":true}},{\"x\":1,\"y\":3,\"spriteIndex\":\"4\",\"properties\":{\"collides\":true}},{\"x\":2,\"y\":3,\"spriteIndex\":\"4\",\"properties\":{\"collides\":true}},{\"x\":3,\"y\":3,\"spriteIndex\":\"4\",\"properties\":{\"collides\":true}},{\"x\":4,\"y\":3,\"spriteIndex\":\"5\",\"properties\":{\"collides\":true}}],\"depth\":0},\"objects\":[{\"spriteSheet\":\"exit\",\"spriteSheetType\":\"img\",\"objects\":[{\"x\":3,\"y\":1,\"type\":\"exit\"}],\"depth\":1},{\"spriteSheet\":\"chest\",\"spriteSheetType\":\"img\",\"objects\":[{\"x\":2,\"y\":2,\"type\":\"chest\"}],\"depth\":1}],\"players\":{\"spriteSheet\":\"player\",\"spriteSheetType\":\"multi\",\"objects\":[{\"x\":1,\"y\":1}],\"depth\":2}}},\"blockly\":{\"toolbox\":{\"kind\":\"categoryToolbox\",\"contents\":[{\"kind\":\"category\",\"name\":\"Actions\",\"colour\":\"#745ba5\",\"contents\":[{\"type\":\"movement\",\"kind\":\"block\"}]},{\"kind\":\"category\",\"name\":\"Numbers\",\"colour\":\"#0d44ba\",\"contents\":[{\"type\":\"math_number\",\"kind\":\"block\"}]}]},\"maxInstances\":{\"start\":1,\"math_number\":3,\"movement\":3},\"workspaceBlocks\":[{\"id\":\"movement\",\"opts\":{\"isDeletable\":false}},{\"id\":\"math_number\",\"opts\":{\"isDeletable\":false}}]}}', 7),
(8, 5, 1, NULL, 'Comprueba que has entendido la idea', 'Test', '{\"phaser\":{\"width\":6,\"height\":6,\"theme\":\"default\",\"layers\":{\"background\":{\"spriteSheet\":\"background\",\"spriteSheetType\":\"multi\",\"objects\":[{\"x\":0,\"y\":0,\"spriteIndex\":\"0\",\"properties\":{\"collides\":true}},{\"x\":1,\"y\":0,\"spriteIndex\":\"1\",\"properties\":{\"collides\":true}},{\"x\":2,\"y\":0,\"spriteIndex\":\"1\",\"properties\":{\"collides\":true}},{\"x\":3,\"y\":0,\"spriteIndex\":\"1\",\"properties\":{\"collides\":true}},{\"x\":4,\"y\":0,\"spriteIndex\":\"1\",\"properties\":{\"collides\":true}},{\"x\":5,\"y\":0,\"spriteIndex\":\"2\",\"properties\":{\"collides\":true}},{\"x\":0,\"y\":1,\"spriteIndex\":\"0\",\"properties\":{\"collides\":true}},{\"x\":1,\"y\":1,\"spriteIndex\":\"6\",\"properties\":{\"collides\":false}},{\"x\":2,\"y\":1,\"spriteIndex\":\"6\",\"properties\":{\"collides\":false}},{\"x\":3,\"y\":1,\"spriteIndex\":\"6\",\"properties\":{\"collides\":false}},{\"x\":4,\"y\":1,\"spriteIndex\":\"6\",\"properties\":{\"collides\":false}},{\"x\":5,\"y\":1,\"spriteIndex\":\"2\",\"properties\":{\"collides\":true}},{\"x\":0,\"y\":2,\"spriteIndex\":\"0\",\"properties\":{\"collides\":true}},{\"x\":1,\"y\":2,\"spriteIndex\":\"6\",\"properties\":{\"collides\":false}},{\"x\":2,\"y\":2,\"spriteIndex\":\"6\",\"properties\":{\"collides\":false}},{\"x\":3,\"y\":2,\"spriteIndex\":\"6\",\"properties\":{\"collides\":false}},{\"x\":4,\"y\":2,\"spriteIndex\":\"6\",\"properties\":{\"collides\":false}},{\"x\":5,\"y\":2,\"spriteIndex\":\"2\",\"properties\":{\"collides\":true}},{\"x\":0,\"y\":3,\"spriteIndex\":\"0\",\"properties\":{\"collides\":true}},{\"x\":1,\"y\":3,\"spriteIndex\":\"6\",\"properties\":{\"collides\":false}},{\"x\":2,\"y\":3,\"spriteIndex\":\"6\",\"properties\":{\"collides\":false}},{\"x\":3,\"y\":3,\"spriteIndex\":\"6\",\"properties\":{\"collides\":false}},{\"x\":4,\"y\":3,\"spriteIndex\":\"6\",\"properties\":{\"collides\":false}},{\"x\":5,\"y\":3,\"spriteIndex\":\"2\",\"properties\":{\"collides\":true}},{\"x\":0,\"y\":4,\"spriteIndex\":\"0\",\"properties\":{\"collides\":true}},{\"x\":1,\"y\":4,\"spriteIndex\":\"6\",\"properties\":{\"collides\":false}},{\"x\":2,\"y\":4,\"spriteIndex\":\"6\",\"properties\":{\"collides\":false}},{\"x\":3,\"y\":4,\"spriteIndex\":\"6\",\"properties\":{\"collides\":false}},{\"x\":4,\"y\":4,\"spriteIndex\":\"6\",\"properties\":{\"collides\":false}},{\"x\":5,\"y\":4,\"spriteIndex\":\"2\",\"properties\":{\"collides\":true}},{\"x\":0,\"y\":5,\"spriteIndex\":\"3\",\"properties\":{\"collides\":true}},{\"x\":1,\"y\":5,\"spriteIndex\":\"4\",\"properties\":{\"collides\":true}},{\"x\":2,\"y\":5,\"spriteIndex\":\"4\",\"properties\":{\"collides\":true}},{\"x\":3,\"y\":5,\"spriteIndex\":\"4\",\"properties\":{\"collides\":true}},{\"x\":4,\"y\":5,\"spriteIndex\":\"4\",\"properties\":{\"collides\":true}},{\"x\":5,\"y\":5,\"spriteIndex\":\"5\",\"properties\":{\"collides\":true}}],\"depth\":0},\"objects\":[{\"spriteSheet\":\"wall\",\"spriteSheetType\":\"img\",\"objects\":[{\"x\":2,\"y\":1,\"type\":\"wall\"},{\"x\":3,\"y\":1,\"type\":\"wall\"},{\"x\":2,\"y\":2,\"type\":\"wall\"},{\"x\":3,\"y\":2,\"type\":\"wall\"}],\"depth\":1},{\"spriteSheet\":\"exit\",\"spriteSheetType\":\"img\",\"objects\":[{\"x\":4,\"y\":1,\"type\":\"exit\"}],\"depth\":1},{\"spriteSheet\":\"trap\",\"spriteSheetType\":\"multi\",\"objects\":[{\"x\":2,\"y\":3,\"type\":\"trap\",\"properties\":{\"enabled\":true}}],\"depth\":1},{\"spriteSheet\":\"chest\",\"spriteSheetType\":\"img\",\"objects\":[{\"x\":3,\"y\":3,\"type\":\"chest\"}],\"depth\":1}],\"players\":{\"spriteSheet\":\"player\",\"spriteSheetType\":\"multi\",\"objects\":[{\"x\":1,\"y\":1}],\"depth\":2}}},\"blockly\":{\"maxInstances\":{\"start\":1,\"math_number\":3,\"movement\":3,\"changeStatus\":1},\"workspaceBlocks\":[{\"id\":\"movement\",\"opts\":{\"isDeletable\":false}},{\"id\":\"math_number\",\"opts\":{\"isDeletable\":false}},{\"id\":\"movement\",\"opts\":{\"isDeletable\":false}},{\"id\":\"math_number\",\"opts\":{\"isDeletable\":false}},{\"id\":\"movement\",\"opts\":{\"isDeletable\":false}},{\"id\":\"math_number\",\"opts\":{\"isDeletable\":false}},{\"id\":\"changeStatus\",\"opts\":{\"isDeletable\":true}}]}}', NULL),
(9, 5, 1, NULL, 'Comprueba lo que has aprendido', 'Test - 2', '{\"phaser\":{\"width\":6,\"height\":6,\"theme\":\"default\",\"layers\":{\"background\":{\"spriteSheet\":\"background\",\"spriteSheetType\":\"multi\",\"objects\":[{\"x\":0,\"y\":0,\"spriteIndex\":\"0\",\"properties\":{\"collides\":true}},{\"x\":1,\"y\":0,\"spriteIndex\":\"1\",\"properties\":{\"collides\":true}},{\"x\":2,\"y\":0,\"spriteIndex\":\"1\",\"properties\":{\"collides\":true}},{\"x\":3,\"y\":0,\"spriteIndex\":\"1\",\"properties\":{\"collides\":true}},{\"x\":4,\"y\":0,\"spriteIndex\":\"1\",\"properties\":{\"collides\":true}},{\"x\":5,\"y\":0,\"spriteIndex\":\"2\",\"properties\":{\"collides\":true}},{\"x\":0,\"y\":1,\"spriteIndex\":\"0\",\"properties\":{\"collides\":true}},{\"x\":1,\"y\":1,\"spriteIndex\":\"6\",\"properties\":{\"collides\":false}},{\"x\":2,\"y\":1,\"spriteIndex\":\"6\",\"properties\":{\"collides\":false}},{\"x\":3,\"y\":1,\"spriteIndex\":\"6\",\"properties\":{\"collides\":false}},{\"x\":4,\"y\":1,\"spriteIndex\":\"6\",\"properties\":{\"collides\":false}},{\"x\":5,\"y\":1,\"spriteIndex\":\"2\",\"properties\":{\"collides\":true}},{\"x\":0,\"y\":2,\"spriteIndex\":\"0\",\"properties\":{\"collides\":true}},{\"x\":1,\"y\":2,\"spriteIndex\":\"6\",\"properties\":{\"collides\":false}},{\"x\":2,\"y\":2,\"spriteIndex\":\"6\",\"properties\":{\"collides\":false}},{\"x\":3,\"y\":2,\"spriteIndex\":\"6\",\"properties\":{\"collides\":false}},{\"x\":4,\"y\":2,\"spriteIndex\":\"6\",\"properties\":{\"collides\":false}},{\"x\":5,\"y\":2,\"spriteIndex\":\"2\",\"properties\":{\"collides\":true}},{\"x\":0,\"y\":3,\"spriteIndex\":\"0\",\"properties\":{\"collides\":true}},{\"x\":1,\"y\":3,\"spriteIndex\":\"7\",\"properties\":{\"collides\":true}},{\"x\":2,\"y\":3,\"spriteIndex\":\"6\",\"properties\":{\"collides\":false}},{\"x\":3,\"y\":3,\"spriteIndex\":\"6\",\"properties\":{\"collides\":false}},{\"x\":4,\"y\":3,\"spriteIndex\":\"6\",\"properties\":{\"collides\":false}},{\"x\":5,\"y\":3,\"spriteIndex\":\"2\",\"properties\":{\"collides\":true}},{\"x\":1,\"y\":4,\"spriteIndex\":\"3\",\"properties\":{\"collides\":true}},{\"x\":2,\"y\":4,\"spriteIndex\":\"7\",\"properties\":{\"collides\":true}},{\"x\":3,\"y\":4,\"spriteIndex\":\"6\",\"properties\":{\"collides\":false}},{\"x\":4,\"y\":4,\"spriteIndex\":\"6\",\"properties\":{\"collides\":false}},{\"x\":5,\"y\":4,\"spriteIndex\":\"2\",\"properties\":{\"collides\":true}},{\"x\":2,\"y\":5,\"spriteIndex\":\"3\",\"properties\":{\"collides\":true}},{\"x\":3,\"y\":5,\"spriteIndex\":\"4\",\"properties\":{\"collides\":true}},{\"x\":4,\"y\":5,\"spriteIndex\":\"4\",\"properties\":{\"collides\":true}},{\"x\":5,\"y\":5,\"spriteIndex\":\"5\",\"properties\":{\"collides\":true}}],\"depth\":0},\"objects\":[{\"spriteSheet\":\"enemy\",\"spriteSheetType\":\"multi\",\"objects\":[{\"x\":3,\"y\":1,\"type\":\"enemy\"}],\"depth\":1},{\"spriteSheet\":\"exit\",\"spriteSheetType\":\"img\",\"objects\":[{\"x\":1,\"y\":2,\"type\":\"exit\"}],\"depth\":1},{\"spriteSheet\":\"wall\",\"spriteSheetType\":\"img\",\"objects\":[{\"x\":2,\"y\":2,\"type\":\"wall\"}],\"depth\":1},{\"spriteSheet\":\"chest\",\"spriteSheetType\":\"img\",\"objects\":[{\"x\":2,\"y\":3,\"type\":\"chest\"}],\"depth\":1}],\"players\":{\"spriteSheet\":\"player\",\"spriteSheetType\":\"multi\",\"objects\":[{\"x\":4,\"y\":3}],\"depth\":2}}},\"blockly\":{\"toolbox\":{\"kind\":\"categoryToolbox\",\"contents\":[{\"kind\":\"category\",\"name\":\"Actions\",\"colour\":\"#745ba5\",\"contents\":[{\"type\":\"movement\",\"kind\":\"block\"},{\"type\":\"changeStatus\",\"kind\":\"block\"}]},{\"kind\":\"category\",\"name\":\"Numbers\",\"colour\":\"#0d44ba\",\"contents\":[{\"type\":\"math_number\",\"kind\":\"block\"}]}]},\"maxInstances\":{\"start\":1},\"workspaceBlocks\":[]}}', 11),
(10, 5, 2, NULL, 'Aprende a utilizar el bloque SET', 'Movement Variable', '{\"phaser\":{\"width\":5,\"height\":5,\"theme\":\"default\",\"layers\":{\"background\":{\"spriteSheet\":\"background\",\"spriteSheetType\":\"multi\",\"objects\":[{\"x\":0,\"y\":0,\"spriteIndex\":\"0\",\"properties\":{\"collides\":true}},{\"x\":1,\"y\":0,\"spriteIndex\":\"1\",\"properties\":{\"collides\":true}},{\"x\":2,\"y\":0,\"spriteIndex\":\"2\",\"properties\":{\"collides\":true}},{\"x\":0,\"y\":1,\"spriteIndex\":\"0\",\"properties\":{\"collides\":true}},{\"x\":1,\"y\":1,\"spriteIndex\":\"6\",\"properties\":{\"collides\":false}},{\"x\":2,\"y\":1,\"spriteIndex\":\"2\",\"properties\":{\"collides\":true}},{\"x\":0,\"y\":2,\"spriteIndex\":\"0\",\"properties\":{\"collides\":true}},{\"x\":1,\"y\":2,\"spriteIndex\":\"6\",\"properties\":{\"collides\":false}},{\"x\":2,\"y\":2,\"spriteIndex\":\"1\",\"properties\":{\"collides\":true}},{\"x\":3,\"y\":2,\"spriteIndex\":\"1\",\"properties\":{\"collides\":true}},{\"x\":4,\"y\":2,\"spriteIndex\":\"2\",\"properties\":{\"collides\":true}},{\"x\":0,\"y\":3,\"spriteIndex\":\"0\",\"properties\":{\"collides\":true}},{\"x\":1,\"y\":3,\"spriteIndex\":\"6\",\"properties\":{\"collides\":false}},{\"x\":2,\"y\":3,\"spriteIndex\":\"6\",\"properties\":{\"collides\":false}},{\"x\":3,\"y\":3,\"spriteIndex\":\"6\",\"properties\":{\"collides\":false}},{\"x\":4,\"y\":3,\"spriteIndex\":\"2\",\"properties\":{\"collides\":true}},{\"x\":0,\"y\":4,\"spriteIndex\":\"3\",\"properties\":{\"collides\":true}},{\"x\":1,\"y\":4,\"spriteIndex\":\"4\",\"properties\":{\"collides\":true}},{\"x\":2,\"y\":4,\"spriteIndex\":\"4\",\"properties\":{\"collides\":true}},{\"x\":3,\"y\":4,\"spriteIndex\":\"4\",\"properties\":{\"collides\":true}},{\"x\":4,\"y\":4,\"spriteIndex\":\"5\",\"properties\":{\"collides\":true}}],\"depth\":0},\"objects\":[{\"spriteSheet\":\"exit\",\"spriteSheetType\":\"img\",\"objects\":[{\"x\":3,\"y\":3,\"type\":\"exit\"}],\"depth\":1}],\"players\":{\"spriteSheet\":\"player\",\"spriteSheetType\":\"multi\",\"objects\":[{\"x\":1,\"y\":1}],\"depth\":2}}},\"blockly\":{\"maxInstances\":{\"start\":1},\"workspaceBlocks\":[{\"id\":\"variables_set\",\"opts\":{\"isDeletable\":false}},{\"id\":\"math_number\",\"opts\":{\"isDeletable\":false}},{\"id\":\"movement\",\"opts\":{\"isDeletable\":false}},{\"id\":\"variables_get\",\"opts\":{\"isDeletable\":false}},{\"id\":\"movement\",\"opts\":{\"isDeletable\":false}},{\"id\":\"variables_get\",\"opts\":{\"isDeletable\":false}}]}}', 7),
(11, 5, 2, NULL, 'Aprende a reutilizar una variable', 'Movement Variable - 2', '{\"phaser\":{\"width\":7,\"height\":5,\"theme\":\"default\",\"layers\":{\"background\":{\"spriteSheet\":\"background\",\"spriteSheetType\":\"multi\",\"objects\":[{\"x\":0,\"y\":0,\"spriteIndex\":\"0\",\"properties\":{\"collides\":true}},{\"x\":1,\"y\":0,\"spriteIndex\":\"1\",\"properties\":{\"collides\":true}},{\"x\":2,\"y\":0,\"spriteIndex\":\"2\",\"properties\":{\"collides\":true}},{\"x\":0,\"y\":1,\"spriteIndex\":\"0\",\"properties\":{\"collides\":true}},{\"x\":1,\"y\":1,\"spriteIndex\":\"6\",\"properties\":{\"collides\":false}},{\"x\":2,\"y\":1,\"spriteIndex\":\"2\",\"properties\":{\"collides\":true}},{\"x\":0,\"y\":2,\"spriteIndex\":\"0\",\"properties\":{\"collides\":true}},{\"x\":1,\"y\":2,\"spriteIndex\":\"6\",\"properties\":{\"collides\":false}},{\"x\":2,\"y\":2,\"spriteIndex\":\"1\",\"properties\":{\"collides\":true}},{\"x\":3,\"y\":2,\"spriteIndex\":\"1\",\"properties\":{\"collides\":true}},{\"x\":4,\"y\":2,\"spriteIndex\":\"1\",\"properties\":{\"collides\":true}},{\"x\":5,\"y\":2,\"spriteIndex\":\"1\",\"properties\":{\"collides\":true}},{\"x\":6,\"y\":2,\"spriteIndex\":\"2\",\"properties\":{\"collides\":true}},{\"x\":0,\"y\":3,\"spriteIndex\":\"0\",\"properties\":{\"collides\":true}},{\"x\":1,\"y\":3,\"spriteIndex\":\"6\",\"properties\":{\"collides\":false}},{\"x\":2,\"y\":3,\"spriteIndex\":\"6\",\"properties\":{\"collides\":false}},{\"x\":3,\"y\":3,\"spriteIndex\":\"6\",\"properties\":{\"collides\":false}},{\"x\":4,\"y\":3,\"spriteIndex\":\"6\",\"properties\":{\"collides\":false}},{\"x\":5,\"y\":3,\"spriteIndex\":\"6\",\"properties\":{\"collides\":false}},{\"x\":6,\"y\":3,\"spriteIndex\":\"2\",\"properties\":{\"collides\":true}},{\"x\":0,\"y\":4,\"spriteIndex\":\"3\",\"properties\":{\"collides\":true}},{\"x\":1,\"y\":4,\"spriteIndex\":\"4\",\"properties\":{\"collides\":true}},{\"x\":2,\"y\":4,\"spriteIndex\":\"4\",\"properties\":{\"collides\":true}},{\"x\":3,\"y\":4,\"spriteIndex\":\"4\",\"properties\":{\"collides\":true}},{\"x\":4,\"y\":4,\"spriteIndex\":\"4\",\"properties\":{\"collides\":true}},{\"x\":5,\"y\":4,\"spriteIndex\":\"4\",\"properties\":{\"collides\":true}},{\"x\":6,\"y\":4,\"spriteIndex\":\"5\",\"properties\":{\"collides\":true}}],\"depth\":0},\"objects\":[{\"spriteSheet\":\"exit\",\"spriteSheetType\":\"img\",\"objects\":[{\"x\":5,\"y\":3,\"type\":\"exit\"}],\"depth\":1}],\"players\":{\"spriteSheet\":\"player\",\"spriteSheetType\":\"multi\",\"objects\":[{\"x\":1,\"y\":1}],\"depth\":2}}},\"blockly\":{\"toolbox\":{\"kind\":\"categoryToolbox\",\"contents\":[{\"kind\":\"category\",\"name\":\"Actions\",\"colour\":\"#745ba5\",\"contents\":[{\"type\":\"movement\",\"kind\":\"block\"}]},{\"kind\":\"category\",\"name\":\"Variables\",\"custom\":\"VARIABLE\",\"colour\":\"#a55b80\"}]},\"maxInstances\":{\"start\":1},\"workspaceBlocks\":[{\"id\":\"variables_set\",\"opts\":{\"isDeletable\":false}},{\"id\":\"math_number\",\"opts\":{\"isDeletable\":false}},{\"id\":\"variables_get\",\"opts\":{\"isDeletable\":false}}]}}', 9),
(12, 5, 2, NULL, 'Crea tus propias variables', 'Movement Variable - 3', '{\"phaser\":{\"width\":9,\"height\":6,\"theme\":\"default\",\"layers\":{\"background\":{\"spriteSheet\":\"background\",\"spriteSheetType\":\"multi\",\"objects\":[{\"x\":0,\"y\":0,\"spriteIndex\":\"0\",\"properties\":{\"collides\":true}},{\"x\":1,\"y\":0,\"spriteIndex\":\"1\",\"properties\":{\"collides\":true}},{\"x\":2,\"y\":0,\"spriteIndex\":\"1\",\"properties\":{\"collides\":true}},{\"x\":3,\"y\":0,\"spriteIndex\":\"2\",\"properties\":{\"collides\":true}},{\"x\":0,\"y\":1,\"spriteIndex\":\"0\",\"properties\":{\"collides\":true}},{\"x\":1,\"y\":1,\"spriteIndex\":\"6\",\"properties\":{\"collides\":false}},{\"x\":2,\"y\":1,\"spriteIndex\":\"6\",\"properties\":{\"collides\":false}},{\"x\":3,\"y\":1,\"spriteIndex\":\"1\",\"properties\":{\"collides\":true}},{\"x\":4,\"y\":1,\"spriteIndex\":\"1\",\"properties\":{\"collides\":true}},{\"x\":5,\"y\":1,\"spriteIndex\":\"2\",\"properties\":{\"collides\":true}},{\"x\":0,\"y\":2,\"spriteIndex\":\"3\",\"properties\":{\"collides\":true}},{\"x\":1,\"y\":2,\"spriteIndex\":\"7\",\"properties\":{\"collides\":true}},{\"x\":2,\"y\":2,\"spriteIndex\":\"6\",\"properties\":{\"collides\":false}},{\"x\":3,\"y\":2,\"spriteIndex\":\"6\",\"properties\":{\"collides\":false}},{\"x\":4,\"y\":2,\"spriteIndex\":\"6\",\"properties\":{\"collides\":false}},{\"x\":5,\"y\":2,\"spriteIndex\":\"2\",\"properties\":{\"collides\":true}},{\"x\":1,\"y\":3,\"spriteIndex\":\"3\",\"properties\":{\"collides\":true}},{\"x\":2,\"y\":3,\"spriteIndex\":\"4\",\"properties\":{\"collides\":true}},{\"x\":3,\"y\":3,\"spriteIndex\":\"7\",\"properties\":{\"collides\":true}},{\"x\":4,\"y\":3,\"spriteIndex\":\"6\",\"properties\":{\"collides\":false}},{\"x\":5,\"y\":3,\"spriteIndex\":\"1\",\"properties\":{\"collides\":true}},{\"x\":6,\"y\":3,\"spriteIndex\":\"1\",\"properties\":{\"collides\":true}},{\"x\":7,\"y\":3,\"spriteIndex\":\"1\",\"properties\":{\"collides\":true}},{\"x\":8,\"y\":3,\"spriteIndex\":\"2\",\"properties\":{\"collides\":true}},{\"x\":3,\"y\":4,\"spriteIndex\":\"0\",\"properties\":{\"collides\":true}},{\"x\":4,\"y\":4,\"spriteIndex\":\"6\",\"properties\":{\"collides\":false}},{\"x\":5,\"y\":4,\"spriteIndex\":\"6\",\"properties\":{\"collides\":false}},{\"x\":6,\"y\":4,\"spriteIndex\":\"6\",\"properties\":{\"collides\":false}},{\"x\":7,\"y\":4,\"spriteIndex\":\"6\",\"properties\":{\"collides\":false}},{\"x\":8,\"y\":4,\"spriteIndex\":\"2\",\"properties\":{\"collides\":true}},{\"x\":3,\"y\":5,\"spriteIndex\":\"3\",\"properties\":{\"collides\":true}},{\"x\":4,\"y\":5,\"spriteIndex\":\"4\",\"properties\":{\"collides\":true}},{\"x\":5,\"y\":5,\"spriteIndex\":\"4\",\"properties\":{\"collides\":true}},{\"x\":6,\"y\":5,\"spriteIndex\":\"4\",\"properties\":{\"collides\":true}},{\"x\":7,\"y\":5,\"spriteIndex\":\"4\",\"properties\":{\"collides\":true}},{\"x\":8,\"y\":5,\"spriteIndex\":\"5\",\"properties\":{\"collides\":true}}],\"depth\":0},\"objects\":[{\"spriteSheet\":\"exit\",\"spriteSheetType\":\"img\",\"objects\":[{\"x\":7,\"y\":4,\"type\":\"exit\"}],\"depth\":1}],\"players\":{\"spriteSheet\":\"player\",\"spriteSheetType\":\"multi\",\"objects\":[{\"x\":1,\"y\":1}],\"depth\":2}}},\"blockly\":{\"toolbox\":{\"kind\":\"categoryToolbox\",\"contents\":[{\"kind\":\"category\",\"name\":\"Actions\",\"colour\":\"#745ba5\",\"contents\":[{\"type\":\"movement\",\"kind\":\"block\"}]},{\"kind\":\"category\",\"name\":\"Variables\",\"custom\":\"VARIABLE\",\"colour\":\"#a55b80\"}]},\"maxInstances\":{\"start\":1,\"variables_set\":2},\"workspaceBlocks\":[{\"id\":\"variables_set\",\"opts\":{\"isDeletable\":false}},{\"id\":\"variables_set\",\"opts\":{\"isDeletable\":false}},{\"id\":\"math_number\",\"opts\":{\"isDeletable\":false}},{\"id\":\"math_number\",\"opts\":{\"isDeletable\":false}}]}}', 17),
(13, 5, 2, NULL, 'Escoge con cuidado el valor de las variables', 'Multi Variables', '{\"phaser\":{\"width\":12,\"height\":11,\"theme\":\"default\",\"layers\":{\"background\":{\"spriteSheet\":\"background\",\"spriteSheetType\":\"multi\",\"objects\":[{\"x\":5,\"y\":0,\"spriteIndex\":\"0\",\"properties\":{\"collides\":true}},{\"x\":6,\"y\":0,\"spriteIndex\":\"1\",\"properties\":{\"collides\":true}},{\"x\":7,\"y\":0,\"spriteIndex\":\"1\",\"properties\":{\"collides\":true}},{\"x\":8,\"y\":0,\"spriteIndex\":\"1\",\"properties\":{\"collides\":true}},{\"x\":9,\"y\":0,\"spriteIndex\":\"1\",\"properties\":{\"collides\":true}},{\"x\":10,\"y\":0,\"spriteIndex\":\"1\",\"properties\":{\"collides\":true}},{\"x\":11,\"y\":0,\"spriteIndex\":\"2\",\"properties\":{\"collides\":true}},{\"x\":5,\"y\":1,\"spriteIndex\":\"0\",\"properties\":{\"collides\":true}},{\"x\":6,\"y\":1,\"spriteIndex\":\"6\",\"properties\":{\"collides\":false}},{\"x\":7,\"y\":1,\"spriteIndex\":\"6\",\"properties\":{\"collides\":false}},{\"x\":8,\"y\":1,\"spriteIndex\":\"6\",\"properties\":{\"collides\":false}},{\"x\":9,\"y\":1,\"spriteIndex\":\"6\",\"properties\":{\"collides\":false}},{\"x\":10,\"y\":1,\"spriteIndex\":\"6\",\"properties\":{\"collides\":false}},{\"x\":11,\"y\":1,\"spriteIndex\":\"2\",\"properties\":{\"collides\":true}},{\"x\":5,\"y\":2,\"spriteIndex\":\"0\",\"properties\":{\"collides\":true}},{\"x\":6,\"y\":2,\"spriteIndex\":\"6\",\"properties\":{\"collides\":false}},{\"x\":7,\"y\":2,\"spriteIndex\":\"8\",\"properties\":{\"collides\":true}},{\"x\":8,\"y\":2,\"spriteIndex\":\"4\",\"properties\":{\"collides\":true}},{\"x\":9,\"y\":2,\"spriteIndex\":\"4\",\"properties\":{\"collides\":true}},{\"x\":10,\"y\":2,\"spriteIndex\":\"4\",\"properties\":{\"collides\":true}},{\"x\":11,\"y\":2,\"spriteIndex\":\"5\",\"properties\":{\"collides\":true}},{\"x\":5,\"y\":3,\"spriteIndex\":\"0\",\"properties\":{\"collides\":true}},{\"x\":6,\"y\":3,\"spriteIndex\":\"6\",\"properties\":{\"collides\":false}},{\"x\":7,\"y\":3,\"spriteIndex\":\"1\",\"properties\":{\"collides\":true}},{\"x\":8,\"y\":3,\"spriteIndex\":\"1\",\"properties\":{\"collides\":true}},{\"x\":9,\"y\":3,\"spriteIndex\":\"1\",\"properties\":{\"collides\":true}},{\"x\":10,\"y\":3,\"spriteIndex\":\"1\",\"properties\":{\"collides\":true}},{\"x\":11,\"y\":3,\"spriteIndex\":\"2\",\"properties\":{\"collides\":true}},{\"x\":5,\"y\":4,\"spriteIndex\":\"0\",\"properties\":{\"collides\":true}},{\"x\":6,\"y\":4,\"spriteIndex\":\"6\",\"properties\":{\"collides\":false}},{\"x\":7,\"y\":4,\"spriteIndex\":\"6\",\"properties\":{\"collides\":false}},{\"x\":8,\"y\":4,\"spriteIndex\":\"6\",\"properties\":{\"collides\":false}},{\"x\":9,\"y\":4,\"spriteIndex\":\"6\",\"properties\":{\"collides\":false}},{\"x\":10,\"y\":4,\"spriteIndex\":\"6\",\"properties\":{\"collides\":false}},{\"x\":11,\"y\":4,\"spriteIndex\":\"2\",\"properties\":{\"collides\":true}},{\"x\":5,\"y\":5,\"spriteIndex\":\"3\",\"properties\":{\"collides\":true}},{\"x\":6,\"y\":5,\"spriteIndex\":\"4\",\"properties\":{\"collides\":true}},{\"x\":7,\"y\":5,\"spriteIndex\":\"4\",\"properties\":{\"collides\":true}},{\"x\":8,\"y\":5,\"spriteIndex\":\"4\",\"properties\":{\"collides\":true}},{\"x\":9,\"y\":5,\"spriteIndex\":\"7\",\"properties\":{\"collides\":true}},{\"x\":10,\"y\":5,\"spriteIndex\":\"6\",\"properties\":{\"collides\":false}},{\"x\":11,\"y\":5,\"spriteIndex\":\"2\",\"properties\":{\"collides\":true}},{\"x\":9,\"y\":6,\"spriteIndex\":\"0\",\"properties\":{\"collides\":true}},{\"x\":10,\"y\":6,\"spriteIndex\":\"6\",\"properties\":{\"collides\":false}},{\"x\":11,\"y\":6,\"spriteIndex\":\"2\",\"properties\":{\"collides\":true}},{\"x\":9,\"y\":7,\"spriteIndex\":\"0\",\"properties\":{\"collides\":true}},{\"x\":10,\"y\":7,\"spriteIndex\":\"6\",\"properties\":{\"collides\":false}},{\"x\":11,\"y\":7,\"spriteIndex\":\"2\",\"properties\":{\"collides\":true}},{\"x\":0,\"y\":8,\"spriteIndex\":\"0\",\"properties\":{\"collides\":true}},{\"x\":1,\"y\":8,\"spriteIndex\":\"1\",\"properties\":{\"collides\":true}},{\"x\":2,\"y\":8,\"spriteIndex\":\"1\",\"properties\":{\"collides\":true}},{\"x\":3,\"y\":8,\"spriteIndex\":\"1\",\"properties\":{\"collides\":true}},{\"x\":4,\"y\":8,\"spriteIndex\":\"1\",\"properties\":{\"collides\":true}},{\"x\":5,\"y\":8,\"spriteIndex\":\"1\",\"properties\":{\"collides\":true}},{\"x\":6,\"y\":8,\"spriteIndex\":\"1\",\"properties\":{\"collides\":true}},{\"x\":7,\"y\":8,\"spriteIndex\":\"1\",\"properties\":{\"collides\":true}},{\"x\":8,\"y\":8,\"spriteIndex\":\"1\",\"properties\":{\"collides\":true}},{\"x\":9,\"y\":8,\"spriteIndex\":\"1\",\"properties\":{\"collides\":true}},{\"x\":10,\"y\":8,\"spriteIndex\":\"6\",\"properties\":{\"collides\":false}},{\"x\":11,\"y\":8,\"spriteIndex\":\"2\",\"properties\":{\"collides\":true}},{\"x\":0,\"y\":9,\"spriteIndex\":\"0\",\"properties\":{\"collides\":true}},{\"x\":1,\"y\":9,\"spriteIndex\":\"6\",\"properties\":{\"collides\":false}},{\"x\":2,\"y\":9,\"spriteIndex\":\"6\",\"properties\":{\"collides\":false}},{\"x\":3,\"y\":9,\"spriteIndex\":\"6\",\"properties\":{\"collides\":false}},{\"x\":4,\"y\":9,\"spriteIndex\":\"6\",\"properties\":{\"collides\":false}},{\"x\":5,\"y\":9,\"spriteIndex\":\"6\",\"properties\":{\"collides\":false}},{\"x\":6,\"y\":9,\"spriteIndex\":\"6\",\"properties\":{\"collides\":false}},{\"x\":7,\"y\":9,\"spriteIndex\":\"6\",\"properties\":{\"collides\":false}},{\"x\":8,\"y\":9,\"spriteIndex\":\"6\",\"properties\":{\"collides\":false}},{\"x\":9,\"y\":9,\"spriteIndex\":\"6\",\"properties\":{\"collides\":false}},{\"x\":10,\"y\":9,\"spriteIndex\":\"6\",\"properties\":{\"collides\":false}},{\"x\":11,\"y\":9,\"spriteIndex\":\"2\",\"properties\":{\"collides\":true}},{\"x\":0,\"y\":10,\"spriteIndex\":\"3\",\"properties\":{\"collides\":true}},{\"x\":1,\"y\":10,\"spriteIndex\":\"4\",\"properties\":{\"collides\":true}},{\"x\":2,\"y\":10,\"spriteIndex\":\"4\",\"properties\":{\"collides\":true}},{\"x\":3,\"y\":10,\"spriteIndex\":\"4\",\"properties\":{\"collides\":true}},{\"x\":4,\"y\":10,\"spriteIndex\":\"4\",\"properties\":{\"collides\":true}},{\"x\":5,\"y\":10,\"spriteIndex\":\"4\",\"properties\":{\"collides\":true}},{\"x\":6,\"y\":10,\"spriteIndex\":\"4\",\"properties\":{\"collides\":true}},{\"x\":7,\"y\":10,\"spriteIndex\":\"4\",\"properties\":{\"collides\":true}},{\"x\":8,\"y\":10,\"spriteIndex\":\"4\",\"properties\":{\"collides\":true}},{\"x\":9,\"y\":10,\"spriteIndex\":\"4\",\"properties\":{\"collides\":true}},{\"x\":10,\"y\":10,\"spriteIndex\":\"4\",\"properties\":{\"collides\":true}},{\"x\":11,\"y\":10,\"spriteIndex\":\"5\",\"properties\":{\"collides\":true}}],\"depth\":0},\"objects\":[{\"spriteSheet\":\"exit\",\"spriteSheetType\":\"img\",\"objects\":[{\"x\":8,\"y\":1,\"type\":\"exit\"}],\"depth\":1}],\"players\":{\"spriteSheet\":\"player\",\"spriteSheetType\":\"multi\",\"objects\":[{\"x\":1,\"y\":9}],\"depth\":2}}},\"blockly\":{\"toolbox\":{\"kind\":\"categoryToolbox\",\"contents\":[{\"kind\":\"category\",\"name\":\"Actions\",\"colour\":\"#745ba5\",\"contents\":[{\"type\":\"movement\",\"kind\":\"block\"}]},{\"kind\":\"category\",\"name\":\"Variables\",\"custom\":\"VARIABLE\",\"colour\":\"#a55b80\"}]},\"maxInstances\":{\"start\":1,\"variables_set\":3},\"workspaceBlocks\":[{\"id\":\"variables_set\",\"opts\":{\"isDeletable\":false}},{\"id\":\"variables_set\",\"opts\":{\"isDeletable\":false}},{\"id\":\"variables_set\",\"opts\":{\"isDeletable\":false}},{\"id\":\"math_number\",\"opts\":{\"isDeletable\":false}},{\"id\":\"math_number\",\"opts\":{\"isDeletable\":false}},{\"id\":\"math_number\",\"opts\":{\"isDeletable\":false}}]}}', 23),
(14, 5, 2, NULL, 'Aprende a dar diferentes valores a una misma variable', 'Recycle', '{\"phaser\":{\"width\":6,\"height\":8,\"theme\":\"default\",\"layers\":{\"background\":{\"spriteSheet\":\"background\",\"spriteSheetType\":\"multi\",\"objects\":[{\"x\":0,\"y\":0,\"spriteIndex\":\"0\",\"properties\":{\"collides\":true}},{\"x\":1,\"y\":0,\"spriteIndex\":\"1\",\"properties\":{\"collides\":true}},{\"x\":2,\"y\":0,\"spriteIndex\":\"2\",\"properties\":{\"collides\":true}},{\"x\":0,\"y\":1,\"spriteIndex\":\"0\",\"properties\":{\"collides\":true}},{\"x\":1,\"y\":1,\"spriteIndex\":\"6\",\"properties\":{\"collides\":false}},{\"x\":2,\"y\":1,\"spriteIndex\":\"1\",\"properties\":{\"collides\":true}},{\"x\":3,\"y\":1,\"spriteIndex\":\"1\",\"properties\":{\"collides\":true}},{\"x\":4,\"y\":1,\"spriteIndex\":\"1\",\"properties\":{\"collides\":true}},{\"x\":5,\"y\":1,\"spriteIndex\":\"2\",\"properties\":{\"collides\":true}},{\"x\":0,\"y\":2,\"spriteIndex\":\"0\",\"properties\":{\"collides\":true}},{\"x\":1,\"y\":2,\"spriteIndex\":\"6\",\"properties\":{\"collides\":false}},{\"x\":2,\"y\":2,\"spriteIndex\":\"2\",\"properties\":{\"collides\":true}},{\"x\":3,\"y\":2,\"spriteIndex\":\"6\",\"properties\":{\"collides\":false}},{\"x\":4,\"y\":2,\"spriteIndex\":\"6\",\"properties\":{\"collides\":false}},{\"x\":5,\"y\":2,\"spriteIndex\":\"2\",\"properties\":{\"collides\":true}},{\"x\":0,\"y\":3,\"spriteIndex\":\"0\",\"properties\":{\"collides\":true}},{\"x\":1,\"y\":3,\"spriteIndex\":\"6\",\"properties\":{\"collides\":false}},{\"x\":2,\"y\":3,\"spriteIndex\":\"1\",\"properties\":{\"collides\":true}},{\"x\":3,\"y\":3,\"spriteIndex\":\"1\",\"properties\":{\"collides\":true}},{\"x\":4,\"y\":3,\"spriteIndex\":\"6\",\"properties\":{\"collides\":false}},{\"x\":5,\"y\":3,\"spriteIndex\":\"2\",\"properties\":{\"collides\":true}},{\"x\":0,\"y\":4,\"spriteIndex\":\"0\",\"properties\":{\"collides\":true}},{\"x\":1,\"y\":4,\"spriteIndex\":\"6\",\"properties\":{\"collides\":false}},{\"x\":2,\"y\":4,\"spriteIndex\":\"6\",\"properties\":{\"collides\":false}},{\"x\":3,\"y\":4,\"spriteIndex\":\"6\",\"properties\":{\"collides\":false}},{\"x\":4,\"y\":4,\"spriteIndex\":\"6\",\"properties\":{\"collides\":false}},{\"x\":5,\"y\":4,\"spriteIndex\":\"2\",\"properties\":{\"collides\":true}},{\"x\":0,\"y\":5,\"spriteIndex\":\"3\",\"properties\":{\"collides\":true}},{\"x\":1,\"y\":5,\"spriteIndex\":\"7\",\"properties\":{\"collides\":true}},{\"x\":2,\"y\":5,\"spriteIndex\":\"4\",\"properties\":{\"collides\":true}},{\"x\":3,\"y\":5,\"spriteIndex\":\"4\",\"properties\":{\"collides\":true}},{\"x\":4,\"y\":5,\"spriteIndex\":\"6\",\"properties\":{\"collides\":false}},{\"x\":5,\"y\":5,\"spriteIndex\":\"2\",\"properties\":{\"collides\":true}},{\"x\":1,\"y\":6,\"spriteIndex\":\"0\",\"properties\":{\"collides\":true}},{\"x\":2,\"y\":6,\"spriteIndex\":\"6\",\"properties\":{\"collides\":false}},{\"x\":3,\"y\":6,\"spriteIndex\":\"6\",\"properties\":{\"collides\":false}},{\"x\":4,\"y\":6,\"spriteIndex\":\"6\",\"properties\":{\"collides\":false}},{\"x\":5,\"y\":6,\"spriteIndex\":\"2\",\"properties\":{\"collides\":true}},{\"x\":1,\"y\":7,\"spriteIndex\":\"3\",\"properties\":{\"collides\":true}},{\"x\":2,\"y\":7,\"spriteIndex\":\"4\",\"properties\":{\"collides\":true}},{\"x\":3,\"y\":7,\"spriteIndex\":\"4\",\"properties\":{\"collides\":true}},{\"x\":4,\"y\":7,\"spriteIndex\":\"4\",\"properties\":{\"collides\":true}},{\"x\":5,\"y\":7,\"spriteIndex\":\"5\",\"properties\":{\"collides\":true}}],\"depth\":0},\"objects\":[{\"spriteSheet\":\"wall\",\"spriteSheetType\":\"img\",\"objects\":[{\"x\":2,\"y\":2,\"type\":\"wall\"},{\"x\":4,\"y\":3,\"type\":\"wall\"},{\"x\":2,\"y\":5,\"type\":\"wall\"},{\"x\":3,\"y\":5,\"type\":\"wall\"}],\"depth\":1},{\"spriteSheet\":\"exit\",\"spriteSheetType\":\"img\",\"objects\":[{\"x\":2,\"y\":6,\"type\":\"exit\"}],\"depth\":1}],\"players\":{\"spriteSheet\":\"player\",\"spriteSheetType\":\"multi\",\"objects\":[{\"x\":1,\"y\":1}],\"depth\":2}}},\"blockly\":{\"toolbox\":{\"kind\":\"categoryToolbox\",\"contents\":[{\"kind\":\"category\",\"name\":\"Actions\",\"colour\":\"#745ba5\",\"contents\":[{\"type\":\"movement\",\"kind\":\"block\"}]},{\"kind\":\"category\",\"name\":\"Variables\",\"colour\":\"#a55b80\",\"contents\":[{\"type\":\"variables_get\",\"kind\":\"block\"}]}]},\"maxInstances\":{\"start\":1,\"movement\":5},\"workspaceBlocks\":[{\"id\":\"variables_set\",\"opts\":{\"isDeletable\":false}},{\"id\":\"variables_set\",\"opts\":{\"isDeletable\":false}},{\"id\":\"math_number\",\"opts\":{\"isDeletable\":false}},{\"id\":\"math_number\",\"opts\":{\"isDeletable\":false}}]}}', 13);
INSERT INTO `level` (`id`, `user`, `category`, `self`, `description`, `title`, `data`, `minBlocks`) VALUES
(15, 5, 2, NULL, '1,2,3', 'Recycle - 2', '{\"phaser\":{\"width\":9,\"height\":9,\"theme\":\"default\",\"layers\":{\"background\":{\"spriteSheet\":\"background\",\"spriteSheetType\":\"multi\",\"objects\":[{\"x\":0,\"y\":0,\"spriteIndex\":\"0\",\"properties\":{\"collides\":true}},{\"x\":1,\"y\":0,\"spriteIndex\":\"1\",\"properties\":{\"collides\":true}},{\"x\":2,\"y\":0,\"spriteIndex\":\"1\",\"properties\":{\"collides\":true}},{\"x\":3,\"y\":0,\"spriteIndex\":\"2\",\"properties\":{\"collides\":true}},{\"x\":0,\"y\":1,\"spriteIndex\":\"0\",\"properties\":{\"collides\":true}},{\"x\":1,\"y\":1,\"spriteIndex\":\"6\",\"properties\":{\"collides\":false}},{\"x\":2,\"y\":1,\"spriteIndex\":\"6\",\"properties\":{\"collides\":false}},{\"x\":3,\"y\":1,\"spriteIndex\":\"1\",\"properties\":{\"collides\":true}},{\"x\":4,\"y\":1,\"spriteIndex\":\"1\",\"properties\":{\"collides\":true}},{\"x\":5,\"y\":1,\"spriteIndex\":\"1\",\"properties\":{\"collides\":true}},{\"x\":6,\"y\":1,\"spriteIndex\":\"2\",\"properties\":{\"collides\":true}},{\"x\":0,\"y\":2,\"spriteIndex\":\"3\",\"properties\":{\"collides\":true}},{\"x\":1,\"y\":2,\"spriteIndex\":\"7\",\"properties\":{\"collides\":true}},{\"x\":2,\"y\":2,\"spriteIndex\":\"6\",\"properties\":{\"collides\":false}},{\"x\":3,\"y\":2,\"spriteIndex\":\"6\",\"properties\":{\"collides\":false}},{\"x\":4,\"y\":2,\"spriteIndex\":\"6\",\"properties\":{\"collides\":false}},{\"x\":5,\"y\":2,\"spriteIndex\":\"6\",\"properties\":{\"collides\":false}},{\"x\":6,\"y\":2,\"spriteIndex\":\"2\",\"properties\":{\"collides\":true}},{\"x\":1,\"y\":3,\"spriteIndex\":\"3\",\"properties\":{\"collides\":true}},{\"x\":2,\"y\":3,\"spriteIndex\":\"4\",\"properties\":{\"collides\":true}},{\"x\":3,\"y\":3,\"spriteIndex\":\"7\",\"properties\":{\"collides\":true}},{\"x\":4,\"y\":3,\"spriteIndex\":\"6\",\"properties\":{\"collides\":false}},{\"x\":5,\"y\":3,\"spriteIndex\":\"6\",\"properties\":{\"collides\":false}},{\"x\":6,\"y\":3,\"spriteIndex\":\"1\",\"properties\":{\"collides\":true}},{\"x\":7,\"y\":3,\"spriteIndex\":\"1\",\"properties\":{\"collides\":true}},{\"x\":8,\"y\":3,\"spriteIndex\":\"1\",\"properties\":{\"collides\":true}},{\"x\":3,\"y\":4,\"spriteIndex\":\"0\",\"properties\":{\"collides\":true}},{\"x\":4,\"y\":4,\"spriteIndex\":\"6\",\"properties\":{\"collides\":false}},{\"x\":5,\"y\":4,\"spriteIndex\":\"6\",\"properties\":{\"collides\":false}},{\"x\":6,\"y\":4,\"spriteIndex\":\"6\",\"properties\":{\"collides\":false}},{\"x\":7,\"y\":4,\"spriteIndex\":\"6\",\"properties\":{\"collides\":false}},{\"x\":8,\"y\":4,\"spriteIndex\":\"6\",\"properties\":{\"collides\":false}},{\"x\":3,\"y\":5,\"spriteIndex\":\"3\",\"properties\":{\"collides\":true}},{\"x\":4,\"y\":5,\"spriteIndex\":\"4\",\"properties\":{\"collides\":true}},{\"x\":5,\"y\":5,\"spriteIndex\":\"4\",\"properties\":{\"collides\":true}},{\"x\":6,\"y\":5,\"spriteIndex\":\"7\",\"properties\":{\"collides\":true}},{\"x\":7,\"y\":5,\"spriteIndex\":\"6\",\"properties\":{\"collides\":false}},{\"x\":8,\"y\":5,\"spriteIndex\":\"6\",\"properties\":{\"collides\":false}},{\"x\":6,\"y\":6,\"spriteIndex\":\"0\",\"properties\":{\"collides\":true}},{\"x\":7,\"y\":6,\"spriteIndex\":\"6\",\"properties\":{\"collides\":false}},{\"x\":8,\"y\":6,\"spriteIndex\":\"6\",\"properties\":{\"collides\":false}},{\"x\":6,\"y\":7,\"spriteIndex\":\"0\",\"properties\":{\"collides\":true}},{\"x\":7,\"y\":7,\"spriteIndex\":\"6\",\"properties\":{\"collides\":false}},{\"x\":8,\"y\":7,\"spriteIndex\":\"6\",\"properties\":{\"collides\":false}},{\"x\":6,\"y\":8,\"spriteIndex\":\"3\",\"properties\":{\"collides\":true}},{\"x\":7,\"y\":8,\"spriteIndex\":\"4\",\"properties\":{\"collides\":true}},{\"x\":8,\"y\":8,\"spriteIndex\":\"4\",\"properties\":{\"collides\":true}}],\"depth\":0},\"objects\":[{\"spriteSheet\":\"wall\",\"spriteSheetType\":\"img\",\"objects\":[{\"x\":5,\"y\":2,\"type\":\"wall\"},{\"x\":5,\"y\":3,\"type\":\"wall\"},{\"x\":8,\"y\":4,\"type\":\"wall\"},{\"x\":8,\"y\":5,\"type\":\"wall\"},{\"x\":8,\"y\":6,\"type\":\"wall\"},{\"x\":8,\"y\":7,\"type\":\"wall\"},{\"x\":8,\"y\":8,\"type\":\"wall\"}],\"depth\":1},{\"spriteSheet\":\"exit\",\"spriteSheetType\":\"img\",\"objects\":[{\"x\":7,\"y\":7,\"type\":\"exit\"}],\"depth\":1}],\"players\":{\"spriteSheet\":\"player\",\"spriteSheetType\":\"multi\",\"objects\":[{\"x\":1,\"y\":1}],\"depth\":2}}},\"blockly\":{\"toolbox\":{\"kind\":\"categoryToolbox\",\"contents\":[{\"kind\":\"category\",\"name\":\"Actions\",\"colour\":\"#745ba5\",\"contents\":[{\"type\":\"movement\",\"kind\":\"block\"}]},{\"kind\":\"category\",\"name\":\"Variables\",\"colour\":\"#a55b80\",\"contents\":[{\"type\":\"variables_get\",\"kind\":\"block\"},{\"type\":\"variables_set\",\"kind\":\"block\"}]}]},\"maxInstances\":{\"start\":1,\"variables_set\":3,\"variables_get\":6,\"movement\":6},\"workspaceBlocks\":[{\"id\":\"math_number\",\"opts\":{\"isDeletable\":false}},{\"id\":\"math_number\",\"opts\":{\"isDeletable\":false}},{\"id\":\"math_number\",\"opts\":{\"isDeletable\":false}}]}}', 19),
(16, 5, 2, NULL, 'Este último reto es difícil al intentar tomar todos los cofres', 'Chests!', '{\"phaser\":{\"width\":11,\"height\":10,\"theme\":\"default\",\"layers\":{\"background\":{\"spriteSheet\":\"background\",\"spriteSheetType\":\"multi\",\"objects\":[{\"x\":0,\"y\":0,\"spriteIndex\":\"0\",\"properties\":{\"collides\":true}},{\"x\":1,\"y\":0,\"spriteIndex\":\"1\",\"properties\":{\"collides\":true}},{\"x\":2,\"y\":0,\"spriteIndex\":\"1\",\"properties\":{\"collides\":true}},{\"x\":3,\"y\":0,\"spriteIndex\":\"1\",\"properties\":{\"collides\":true}},{\"x\":4,\"y\":0,\"spriteIndex\":\"1\",\"properties\":{\"collides\":true}},{\"x\":5,\"y\":0,\"spriteIndex\":\"1\",\"properties\":{\"collides\":true}},{\"x\":6,\"y\":0,\"spriteIndex\":\"1\",\"properties\":{\"collides\":true}},{\"x\":7,\"y\":0,\"spriteIndex\":\"2\",\"properties\":{\"collides\":true}},{\"x\":0,\"y\":1,\"spriteIndex\":\"0\",\"properties\":{\"collides\":true}},{\"x\":1,\"y\":1,\"spriteIndex\":\"6\",\"properties\":{\"collides\":false}},{\"x\":2,\"y\":1,\"spriteIndex\":\"6\",\"properties\":{\"collides\":false}},{\"x\":3,\"y\":1,\"spriteIndex\":\"6\",\"properties\":{\"collides\":false}},{\"x\":4,\"y\":1,\"spriteIndex\":\"6\",\"properties\":{\"collides\":false}},{\"x\":5,\"y\":1,\"spriteIndex\":\"6\",\"properties\":{\"collides\":false}},{\"x\":6,\"y\":1,\"spriteIndex\":\"6\",\"properties\":{\"collides\":false}},{\"x\":7,\"y\":1,\"spriteIndex\":\"2\",\"properties\":{\"collides\":true}},{\"x\":0,\"y\":2,\"spriteIndex\":\"0\",\"properties\":{\"collides\":true}},{\"x\":1,\"y\":2,\"spriteIndex\":\"6\",\"properties\":{\"collides\":false}},{\"x\":2,\"y\":2,\"spriteIndex\":\"8\",\"properties\":{\"collides\":true}},{\"x\":3,\"y\":2,\"spriteIndex\":\"4\",\"properties\":{\"collides\":true}},{\"x\":4,\"y\":2,\"spriteIndex\":\"4\",\"properties\":{\"collides\":true}},{\"x\":5,\"y\":2,\"spriteIndex\":\"7\",\"properties\":{\"collides\":true}},{\"x\":6,\"y\":2,\"spriteIndex\":\"6\",\"properties\":{\"collides\":false}},{\"x\":7,\"y\":2,\"spriteIndex\":\"2\",\"properties\":{\"collides\":true}},{\"x\":0,\"y\":3,\"spriteIndex\":\"0\",\"properties\":{\"collides\":true}},{\"x\":1,\"y\":3,\"spriteIndex\":\"6\",\"properties\":{\"collides\":false}},{\"x\":2,\"y\":3,\"spriteIndex\":\"1\",\"properties\":{\"collides\":true}},{\"x\":3,\"y\":3,\"spriteIndex\":\"1\",\"properties\":{\"collides\":true}},{\"x\":4,\"y\":3,\"spriteIndex\":\"1\",\"properties\":{\"collides\":true}},{\"x\":5,\"y\":3,\"spriteIndex\":\"1\",\"properties\":{\"collides\":true}},{\"x\":6,\"y\":3,\"spriteIndex\":\"6\",\"properties\":{\"collides\":false}},{\"x\":7,\"y\":3,\"spriteIndex\":\"1\",\"properties\":{\"collides\":true}},{\"x\":8,\"y\":3,\"spriteIndex\":\"1\",\"properties\":{\"collides\":true}},{\"x\":9,\"y\":3,\"spriteIndex\":\"1\",\"properties\":{\"collides\":true}},{\"x\":10,\"y\":3,\"spriteIndex\":\"2\",\"properties\":{\"collides\":true}},{\"x\":0,\"y\":4,\"spriteIndex\":\"0\",\"properties\":{\"collides\":true}},{\"x\":1,\"y\":4,\"spriteIndex\":\"6\",\"properties\":{\"collides\":false}},{\"x\":2,\"y\":4,\"spriteIndex\":\"6\",\"properties\":{\"collides\":false}},{\"x\":3,\"y\":4,\"spriteIndex\":\"6\",\"properties\":{\"collides\":false}},{\"x\":4,\"y\":4,\"spriteIndex\":\"6\",\"properties\":{\"collides\":false}},{\"x\":5,\"y\":4,\"spriteIndex\":\"6\",\"properties\":{\"collides\":false}},{\"x\":6,\"y\":4,\"spriteIndex\":\"6\",\"properties\":{\"collides\":false}},{\"x\":7,\"y\":4,\"spriteIndex\":\"6\",\"properties\":{\"collides\":false}},{\"x\":8,\"y\":4,\"spriteIndex\":\"6\",\"properties\":{\"collides\":false}},{\"x\":9,\"y\":4,\"spriteIndex\":\"6\",\"properties\":{\"collides\":false}},{\"x\":10,\"y\":4,\"spriteIndex\":\"2\",\"properties\":{\"collides\":true}},{\"x\":0,\"y\":5,\"spriteIndex\":\"0\",\"properties\":{\"collides\":true}},{\"x\":1,\"y\":5,\"spriteIndex\":\"6\",\"properties\":{\"collides\":false}},{\"x\":2,\"y\":5,\"spriteIndex\":\"6\",\"properties\":{\"collides\":false}},{\"x\":3,\"y\":5,\"spriteIndex\":\"4\",\"properties\":{\"collides\":true}},{\"x\":4,\"y\":5,\"spriteIndex\":\"4\",\"properties\":{\"collides\":true}},{\"x\":5,\"y\":5,\"spriteIndex\":\"4\",\"properties\":{\"collides\":true}},{\"x\":6,\"y\":5,\"spriteIndex\":\"4\",\"properties\":{\"collides\":true}},{\"x\":7,\"y\":5,\"spriteIndex\":\"4\",\"properties\":{\"collides\":true}},{\"x\":8,\"y\":5,\"spriteIndex\":\"4\",\"properties\":{\"collides\":true}},{\"x\":9,\"y\":5,\"spriteIndex\":\"6\",\"properties\":{\"collides\":false}},{\"x\":10,\"y\":5,\"spriteIndex\":\"2\",\"properties\":{\"collides\":true}},{\"x\":0,\"y\":6,\"spriteIndex\":\"0\",\"properties\":{\"collides\":true}},{\"x\":1,\"y\":6,\"spriteIndex\":\"6\",\"properties\":{\"collides\":false}},{\"x\":2,\"y\":6,\"spriteIndex\":\"6\",\"properties\":{\"collides\":false}},{\"x\":3,\"y\":6,\"spriteIndex\":\"6\",\"properties\":{\"collides\":false}},{\"x\":4,\"y\":6,\"spriteIndex\":\"6\",\"properties\":{\"collides\":false}},{\"x\":5,\"y\":6,\"spriteIndex\":\"6\",\"properties\":{\"collides\":false}},{\"x\":6,\"y\":6,\"spriteIndex\":\"6\",\"properties\":{\"collides\":false}},{\"x\":7,\"y\":6,\"spriteIndex\":\"6\",\"properties\":{\"collides\":false}},{\"x\":8,\"y\":6,\"spriteIndex\":\"6\",\"properties\":{\"collides\":false}},{\"x\":9,\"y\":6,\"spriteIndex\":\"6\",\"properties\":{\"collides\":false}},{\"x\":10,\"y\":6,\"spriteIndex\":\"2\",\"properties\":{\"collides\":true}},{\"x\":0,\"y\":7,\"spriteIndex\":\"0\",\"properties\":{\"collides\":true}},{\"x\":1,\"y\":7,\"spriteIndex\":\"6\",\"properties\":{\"collides\":false}},{\"x\":2,\"y\":7,\"spriteIndex\":\"6\",\"properties\":{\"collides\":false}},{\"x\":3,\"y\":7,\"spriteIndex\":\"6\",\"properties\":{\"collides\":false}},{\"x\":4,\"y\":7,\"spriteIndex\":\"6\",\"properties\":{\"collides\":false}},{\"x\":5,\"y\":7,\"spriteIndex\":\"6\",\"properties\":{\"collides\":false}},{\"x\":6,\"y\":7,\"spriteIndex\":\"8\",\"properties\":{\"collides\":true}},{\"x\":7,\"y\":7,\"spriteIndex\":\"4\",\"properties\":{\"collides\":true}},{\"x\":8,\"y\":7,\"spriteIndex\":\"4\",\"properties\":{\"collides\":true}},{\"x\":9,\"y\":7,\"spriteIndex\":\"4\",\"properties\":{\"collides\":true}},{\"x\":10,\"y\":7,\"spriteIndex\":\"5\",\"properties\":{\"collides\":true}},{\"x\":0,\"y\":8,\"spriteIndex\":\"0\",\"properties\":{\"collides\":true}},{\"x\":1,\"y\":8,\"spriteIndex\":\"6\",\"properties\":{\"collides\":false}},{\"x\":2,\"y\":8,\"spriteIndex\":\"6\",\"properties\":{\"collides\":false}},{\"x\":3,\"y\":8,\"spriteIndex\":\"6\",\"properties\":{\"collides\":false}},{\"x\":4,\"y\":8,\"spriteIndex\":\"6\",\"properties\":{\"collides\":false}},{\"x\":5,\"y\":8,\"spriteIndex\":\"6\",\"properties\":{\"collides\":false}},{\"x\":6,\"y\":8,\"spriteIndex\":\"2\",\"properties\":{\"collides\":true}},{\"x\":0,\"y\":9,\"spriteIndex\":\"3\",\"properties\":{\"collides\":true}},{\"x\":1,\"y\":9,\"spriteIndex\":\"4\",\"properties\":{\"collides\":true}},{\"x\":2,\"y\":9,\"spriteIndex\":\"4\",\"properties\":{\"collides\":true}},{\"x\":3,\"y\":9,\"spriteIndex\":\"4\",\"properties\":{\"collides\":true}},{\"x\":4,\"y\":9,\"spriteIndex\":\"4\",\"properties\":{\"collides\":true}},{\"x\":5,\"y\":9,\"spriteIndex\":\"4\",\"properties\":{\"collides\":true}},{\"x\":6,\"y\":9,\"spriteIndex\":\"5\",\"properties\":{\"collides\":true}}],\"depth\":0},\"objects\":[{\"spriteSheet\":\"chest\",\"spriteSheetType\":\"img\",\"objects\":[{\"x\":1,\"y\":1,\"type\":\"chest\"},{\"x\":6,\"y\":1,\"type\":\"chest\"},{\"x\":5,\"y\":8,\"type\":\"chest\"}],\"depth\":1},{\"spriteSheet\":\"wall\",\"spriteSheetType\":\"img\",\"objects\":[{\"x\":2,\"y\":5,\"type\":\"wall\"},{\"x\":3,\"y\":5,\"type\":\"wall\"},{\"x\":4,\"y\":5,\"type\":\"wall\"},{\"x\":5,\"y\":5,\"type\":\"wall\"},{\"x\":6,\"y\":5,\"type\":\"wall\"},{\"x\":7,\"y\":5,\"type\":\"wall\"},{\"x\":8,\"y\":5,\"type\":\"wall\"},{\"x\":2,\"y\":6,\"type\":\"wall\"},{\"x\":1,\"y\":7,\"type\":\"wall\"},{\"x\":2,\"y\":7,\"type\":\"wall\"},{\"x\":4,\"y\":7,\"type\":\"wall\"}],\"depth\":1},{\"spriteSheet\":\"exit\",\"spriteSheetType\":\"img\",\"objects\":[{\"x\":3,\"y\":6,\"type\":\"exit\"}],\"depth\":1}],\"players\":{\"spriteSheet\":\"player\",\"spriteSheetType\":\"multi\",\"objects\":[{\"x\":1,\"y\":6}],\"depth\":2}}},\"blockly\":{\"toolbox\":{\"kind\":\"categoryToolbox\",\"contents\":[{\"kind\":\"category\",\"name\":\"Actions\",\"colour\":\"#745ba5\",\"contents\":[{\"type\":\"movement\",\"kind\":\"block\"}]},{\"kind\":\"category\",\"name\":\"Variables\",\"custom\":\"VARIABLE\",\"colour\":\"#a55b80\"}]},\"maxInstances\":{\"start\":1,\"movement\":12,\"variables_set\":2},\"workspaceBlocks\":[{\"id\":\"variables_set\",\"opts\":{\"isDeletable\":false}},{\"id\":\"math_number\",\"opts\":{\"isDeletable\":false}},{\"id\":\"variables_set\",\"opts\":{\"isDeletable\":false}},{\"id\":\"math_number\",\"opts\":{\"isDeletable\":false}}]}}', 29),
(17, 5, 3, NULL, 'Cambia el estado de la trampa', 'Trap', '{\"phaser\":{\"width\":6,\"height\":3,\"theme\":\"default\",\"layers\":{\"background\":{\"spriteSheet\":\"background\",\"spriteSheetType\":\"multi\",\"objects\":[{\"x\":0,\"y\":0,\"spriteIndex\":\"0\",\"properties\":{\"collides\":true}},{\"x\":1,\"y\":0,\"spriteIndex\":\"1\",\"properties\":{\"collides\":true}},{\"x\":2,\"y\":0,\"spriteIndex\":\"1\",\"properties\":{\"collides\":true}},{\"x\":3,\"y\":0,\"spriteIndex\":\"1\",\"properties\":{\"collides\":true}},{\"x\":4,\"y\":0,\"spriteIndex\":\"1\",\"properties\":{\"collides\":true}},{\"x\":5,\"y\":0,\"spriteIndex\":\"2\",\"properties\":{\"collides\":true}},{\"x\":0,\"y\":1,\"spriteIndex\":\"0\",\"properties\":{\"collides\":true}},{\"x\":1,\"y\":1,\"spriteIndex\":\"6\",\"properties\":{\"collides\":false}},{\"x\":2,\"y\":1,\"spriteIndex\":\"6\",\"properties\":{\"collides\":false}},{\"x\":3,\"y\":1,\"spriteIndex\":\"6\",\"properties\":{\"collides\":false}},{\"x\":4,\"y\":1,\"spriteIndex\":\"6\",\"properties\":{\"collides\":false}},{\"x\":5,\"y\":1,\"spriteIndex\":\"2\",\"properties\":{\"collides\":true}},{\"x\":0,\"y\":2,\"spriteIndex\":\"3\",\"properties\":{\"collides\":true}},{\"x\":1,\"y\":2,\"spriteIndex\":\"4\",\"properties\":{\"collides\":true}},{\"x\":2,\"y\":2,\"spriteIndex\":\"4\",\"properties\":{\"collides\":true}},{\"x\":3,\"y\":2,\"spriteIndex\":\"4\",\"properties\":{\"collides\":true}},{\"x\":4,\"y\":2,\"spriteIndex\":\"4\",\"properties\":{\"collides\":true}},{\"x\":5,\"y\":2,\"spriteIndex\":\"5\",\"properties\":{\"collides\":true}}],\"depth\":0},\"objects\":[{\"spriteSheet\":\"trap\",\"spriteSheetType\":\"multi\",\"objects\":[{\"x\":2,\"y\":1,\"type\":\"trap\",\"properties\":{\"enabled\":true}},{\"x\":3,\"y\":1,\"type\":\"trap\",\"properties\":{\"enabled\":false}}],\"depth\":1},{\"spriteSheet\":\"exit\",\"spriteSheetType\":\"img\",\"objects\":[{\"x\":4,\"y\":1,\"type\":\"exit\"}],\"depth\":1}],\"players\":{\"spriteSheet\":\"player\",\"spriteSheetType\":\"multi\",\"objects\":[{\"x\":1,\"y\":1}],\"depth\":2}}},\"blockly\":{\"toolbox\":{\"kind\":\"categoryToolbox\",\"contents\":[{\"kind\":\"category\",\"name\":\"Actions\",\"colour\":\"#745ba5\",\"contents\":[{\"type\":\"movement\",\"kind\":\"block\"},{\"type\":\"rotate\",\"kind\":\"block\"},{\"type\":\"changeStatus\",\"kind\":\"block\"}]},{\"kind\":\"category\",\"name\":\"Text\",\"colour\":\"#e13030\",\"contents\":[{\"type\":\"text\",\"kind\":\"block\"}]},{\"kind\":\"category\",\"name\":\"Numbers\",\"colour\":\"#0d44ba\",\"contents\":[{\"type\":\"math_number\",\"kind\":\"block\"}]},{\"kind\":\"category\",\"name\":\"Loops\",\"colour\":\"#5ba55b\",\"contents\":[{\"type\":\"for_X_times\",\"kind\":\"block\"},{\"type\":\"while_do\",\"kind\":\"block\"}]},{\"kind\":\"category\",\"name\":\"Logic\",\"colour\":\"#5b80a5\",\"contents\":[{\"type\":\"if_do\",\"kind\":\"block\"},{\"type\":\"if_else_do\",\"kind\":\"block\"},{\"type\":\"and_or\",\"kind\":\"block\"},{\"type\":\"comparator\",\"kind\":\"block\"}]}]},\"maxInstances\":{\"start\":1},\"workspaceBlocks\":[]}}', 4),
(18, 5, 3, NULL, 'Cambia el estado de las trampas', 'Trap - 2', '{\"phaser\":{\"width\":7,\"height\":4,\"theme\":\"default\",\"layers\":{\"background\":{\"spriteSheet\":\"background\",\"spriteSheetType\":\"multi\",\"objects\":[{\"x\":0,\"y\":0,\"spriteIndex\":\"0\",\"properties\":{\"collides\":true}},{\"x\":1,\"y\":0,\"spriteIndex\":\"1\",\"properties\":{\"collides\":true}},{\"x\":2,\"y\":0,\"spriteIndex\":\"2\",\"properties\":{\"collides\":true}},{\"x\":4,\"y\":0,\"spriteIndex\":\"0\",\"properties\":{\"collides\":true}},{\"x\":5,\"y\":0,\"spriteIndex\":\"1\",\"properties\":{\"collides\":true}},{\"x\":6,\"y\":0,\"spriteIndex\":\"2\",\"properties\":{\"collides\":true}},{\"x\":0,\"y\":1,\"spriteIndex\":\"0\",\"properties\":{\"collides\":true}},{\"x\":1,\"y\":1,\"spriteIndex\":\"6\",\"properties\":{\"collides\":false}},{\"x\":2,\"y\":1,\"spriteIndex\":\"1\",\"properties\":{\"collides\":true}},{\"x\":3,\"y\":1,\"spriteIndex\":\"1\",\"properties\":{\"collides\":true}},{\"x\":4,\"y\":1,\"spriteIndex\":\"1\",\"properties\":{\"collides\":true}},{\"x\":5,\"y\":1,\"spriteIndex\":\"6\",\"properties\":{\"collides\":false}},{\"x\":6,\"y\":1,\"spriteIndex\":\"2\",\"properties\":{\"collides\":true}},{\"x\":0,\"y\":2,\"spriteIndex\":\"0\",\"properties\":{\"collides\":true}},{\"x\":1,\"y\":2,\"spriteIndex\":\"6\",\"properties\":{\"collides\":false}},{\"x\":2,\"y\":2,\"spriteIndex\":\"6\",\"properties\":{\"collides\":false}},{\"x\":3,\"y\":2,\"spriteIndex\":\"6\",\"properties\":{\"collides\":false}},{\"x\":4,\"y\":2,\"spriteIndex\":\"6\",\"properties\":{\"collides\":false}},{\"x\":5,\"y\":2,\"spriteIndex\":\"6\",\"properties\":{\"collides\":false}},{\"x\":6,\"y\":2,\"spriteIndex\":\"2\",\"properties\":{\"collides\":true}},{\"x\":0,\"y\":3,\"spriteIndex\":\"3\",\"properties\":{\"collides\":true}},{\"x\":1,\"y\":3,\"spriteIndex\":\"4\",\"properties\":{\"collides\":true}},{\"x\":2,\"y\":3,\"spriteIndex\":\"4\",\"properties\":{\"collides\":true}},{\"x\":3,\"y\":3,\"spriteIndex\":\"4\",\"properties\":{\"collides\":true}},{\"x\":4,\"y\":3,\"spriteIndex\":\"4\",\"properties\":{\"collides\":true}},{\"x\":5,\"y\":3,\"spriteIndex\":\"4\",\"properties\":{\"collides\":true}},{\"x\":6,\"y\":3,\"spriteIndex\":\"5\",\"properties\":{\"collides\":true}}],\"depth\":0},\"objects\":[{\"spriteSheet\":\"exit\",\"spriteSheetType\":\"img\",\"objects\":[{\"x\":5,\"y\":1,\"type\":\"exit\"}],\"depth\":1},{\"spriteSheet\":\"trap\",\"spriteSheetType\":\"multi\",\"objects\":[{\"x\":2,\"y\":2,\"type\":\"trap\",\"properties\":{\"enabled\":true}},{\"x\":3,\"y\":2,\"type\":\"trap\",\"properties\":{\"enabled\":false}},{\"x\":4,\"y\":2,\"type\":\"trap\",\"properties\":{\"enabled\":true}}],\"depth\":1}],\"players\":{\"spriteSheet\":\"player\",\"spriteSheetType\":\"multi\",\"objects\":[{\"x\":1,\"y\":1}],\"depth\":2}}},\"blockly\":{\"toolbox\":{\"kind\":\"categoryToolbox\",\"contents\":[{\"kind\":\"category\",\"name\":\"Actions\",\"colour\":\"#745ba5\",\"contents\":[{\"type\":\"movement\",\"kind\":\"block\"},{\"type\":\"rotate\",\"kind\":\"block\"},{\"type\":\"changeStatus\",\"kind\":\"block\"}]},{\"kind\":\"category\",\"name\":\"Text\",\"colour\":\"#e13030\",\"contents\":[{\"type\":\"text\",\"kind\":\"block\"}]},{\"kind\":\"category\",\"name\":\"Numbers\",\"colour\":\"#0d44ba\",\"contents\":[{\"type\":\"math_number\",\"kind\":\"block\"}]},{\"kind\":\"category\",\"name\":\"Loops\",\"colour\":\"#5ba55b\",\"contents\":[{\"type\":\"for_X_times\",\"kind\":\"block\"},{\"type\":\"while_do\",\"kind\":\"block\"}]},{\"kind\":\"category\",\"name\":\"Logic\",\"colour\":\"#5b80a5\",\"contents\":[{\"type\":\"if_do\",\"kind\":\"block\"},{\"type\":\"if_else_do\",\"kind\":\"block\"},{\"type\":\"and_or\",\"kind\":\"block\"},{\"type\":\"comparator\",\"kind\":\"block\"}]}]},\"maxInstances\":{\"start\":1},\"workspaceBlocks\":[]}}', 8),
(19, 5, 3, NULL, 'Aprende a mover 2 ranas', 'Player', '{\"phaser\":{\"width\":5,\"height\":5,\"theme\":\"default\",\"layers\":{\"background\":{\"spriteSheet\":\"background\",\"spriteSheetType\":\"multi\",\"objects\":[{\"x\":0,\"y\":0,\"spriteIndex\":\"0\",\"properties\":{\"collides\":true}},{\"x\":1,\"y\":0,\"spriteIndex\":\"1\",\"properties\":{\"collides\":true}},{\"x\":2,\"y\":0,\"spriteIndex\":\"1\",\"properties\":{\"collides\":true}},{\"x\":3,\"y\":0,\"spriteIndex\":\"1\",\"properties\":{\"collides\":true}},{\"x\":4,\"y\":0,\"spriteIndex\":\"2\",\"properties\":{\"collides\":true}},{\"x\":0,\"y\":1,\"spriteIndex\":\"0\",\"properties\":{\"collides\":true}},{\"x\":1,\"y\":1,\"spriteIndex\":\"6\",\"properties\":{\"collides\":false}},{\"x\":2,\"y\":1,\"spriteIndex\":\"6\",\"properties\":{\"collides\":false}},{\"x\":3,\"y\":1,\"spriteIndex\":\"6\",\"properties\":{\"collides\":false}},{\"x\":4,\"y\":1,\"spriteIndex\":\"2\",\"properties\":{\"collides\":true}},{\"x\":0,\"y\":2,\"spriteIndex\":\"0\",\"properties\":{\"collides\":true}},{\"x\":1,\"y\":2,\"spriteIndex\":\"6\",\"properties\":{\"collides\":false}},{\"x\":2,\"y\":2,\"spriteIndex\":\"6\",\"properties\":{\"collides\":false}},{\"x\":3,\"y\":2,\"spriteIndex\":\"6\",\"properties\":{\"collides\":false}},{\"x\":4,\"y\":2,\"spriteIndex\":\"2\",\"properties\":{\"collides\":true}},{\"x\":0,\"y\":3,\"spriteIndex\":\"0\",\"properties\":{\"collides\":true}},{\"x\":1,\"y\":3,\"spriteIndex\":\"6\",\"properties\":{\"collides\":false}},{\"x\":2,\"y\":3,\"spriteIndex\":\"6\",\"properties\":{\"collides\":false}},{\"x\":3,\"y\":3,\"spriteIndex\":\"6\",\"properties\":{\"collides\":false}},{\"x\":4,\"y\":3,\"spriteIndex\":\"2\",\"properties\":{\"collides\":true}},{\"x\":0,\"y\":4,\"spriteIndex\":\"3\",\"properties\":{\"collides\":true}},{\"x\":1,\"y\":4,\"spriteIndex\":\"4\",\"properties\":{\"collides\":true}},{\"x\":2,\"y\":4,\"spriteIndex\":\"4\",\"properties\":{\"collides\":true}},{\"x\":3,\"y\":4,\"spriteIndex\":\"4\",\"properties\":{\"collides\":true}},{\"x\":4,\"y\":4,\"spriteIndex\":\"5\",\"properties\":{\"collides\":true}}],\"depth\":0},\"objects\":[{\"spriteSheet\":\"wall\",\"spriteSheetType\":\"img\",\"objects\":[{\"x\":1,\"y\":2,\"type\":\"wall\"},{\"x\":2,\"y\":2,\"type\":\"wall\"}],\"depth\":1},{\"spriteSheet\":\"exit\",\"spriteSheetType\":\"img\",\"objects\":[{\"x\":3,\"y\":2,\"type\":\"exit\"}],\"depth\":1}],\"players\":{\"spriteSheet\":\"player\",\"spriteSheetType\":\"multi\",\"objects\":[{\"x\":1,\"y\":1},{\"x\":1,\"y\":3}],\"depth\":2}}},\"blockly\":{\"toolbox\":{\"kind\":\"categoryToolbox\",\"contents\":[{\"kind\":\"category\",\"name\":\"Actions\",\"colour\":\"#745ba5\",\"contents\":[{\"type\":\"movement\",\"kind\":\"block\"},{\"type\":\"rotate\",\"kind\":\"block\"},{\"type\":\"changeStatus\",\"kind\":\"block\"}]},{\"kind\":\"category\",\"name\":\"Text\",\"colour\":\"#e13030\",\"contents\":[{\"type\":\"text\",\"kind\":\"block\"}]},{\"kind\":\"category\",\"name\":\"Numbers\",\"colour\":\"#0d44ba\",\"contents\":[{\"type\":\"math_number\",\"kind\":\"block\"}]},{\"kind\":\"category\",\"name\":\"Loops\",\"colour\":\"#5ba55b\",\"contents\":[{\"type\":\"for_X_times\",\"kind\":\"block\"},{\"type\":\"while_do\",\"kind\":\"block\"}]},{\"kind\":\"category\",\"name\":\"Logic\",\"colour\":\"#5b80a5\",\"contents\":[{\"type\":\"if_do\",\"kind\":\"block\"},{\"type\":\"if_else_do\",\"kind\":\"block\"},{\"type\":\"and_or\",\"kind\":\"block\"},{\"type\":\"comparator\",\"kind\":\"block\"}]}]},\"maxInstances\":{\"start\":1},\"workspaceBlocks\":[]}}', 5),
(22, 5, 8, NULL, 'A veces toca esperar', 'Espera', '{\"phaser\":{\"width\":5,\"height\":4,\"theme\":\"default\",\"layers\":{\"background\":{\"spriteSheet\":\"background\",\"spriteSheetType\":\"multi\",\"objects\":[{\"x\":1,\"y\":0,\"spriteIndex\":\"0\",\"properties\":{\"collides\":true}},{\"x\":2,\"y\":0,\"spriteIndex\":\"1\",\"properties\":{\"collides\":true}},{\"x\":3,\"y\":0,\"spriteIndex\":\"1\",\"properties\":{\"collides\":true}},{\"x\":4,\"y\":0,\"spriteIndex\":\"2\",\"properties\":{\"collides\":true}},{\"x\":0,\"y\":1,\"spriteIndex\":\"0\",\"properties\":{\"collides\":true}},{\"x\":1,\"y\":1,\"spriteIndex\":\"1\",\"properties\":{\"collides\":true}},{\"x\":2,\"y\":1,\"spriteIndex\":\"6\",\"properties\":{\"collides\":false}},{\"x\":3,\"y\":1,\"spriteIndex\":\"6\",\"properties\":{\"collides\":false}},{\"x\":4,\"y\":1,\"spriteIndex\":\"2\",\"properties\":{\"collides\":true}},{\"x\":0,\"y\":2,\"spriteIndex\":\"0\",\"properties\":{\"collides\":true}},{\"x\":1,\"y\":2,\"spriteIndex\":\"6\",\"properties\":{\"collides\":false}},{\"x\":2,\"y\":2,\"spriteIndex\":\"6\",\"properties\":{\"collides\":false}},{\"x\":3,\"y\":2,\"spriteIndex\":\"6\",\"properties\":{\"collides\":false}},{\"x\":4,\"y\":2,\"spriteIndex\":\"2\",\"properties\":{\"collides\":true}},{\"x\":0,\"y\":3,\"spriteIndex\":\"3\",\"properties\":{\"collides\":true}},{\"x\":1,\"y\":3,\"spriteIndex\":\"4\",\"properties\":{\"collides\":true}},{\"x\":2,\"y\":3,\"spriteIndex\":\"4\",\"properties\":{\"collides\":true}},{\"x\":3,\"y\":3,\"spriteIndex\":\"4\",\"properties\":{\"collides\":true}},{\"x\":4,\"y\":3,\"spriteIndex\":\"5\",\"properties\":{\"collides\":true}}],\"depth\":0},\"objects\":[{\"spriteSheet\":\"enemy\",\"spriteSheetType\":\"multi\",\"objects\":[{\"x\":2,\"y\":1,\"type\":\"enemy\"}],\"depth\":1},{\"spriteSheet\":\"exit\",\"spriteSheetType\":\"img\",\"objects\":[{\"x\":3,\"y\":2,\"type\":\"exit\"}],\"depth\":1}],\"players\":{\"spriteSheet\":\"player\",\"spriteSheetType\":\"multi\",\"objects\":[{\"x\":1,\"y\":2}],\"depth\":2}}},\"blockly\":{\"toolbox\":{\"kind\":\"categoryToolbox\",\"contents\":[{\"kind\":\"category\",\"name\":\"Actions\",\"colour\":\"#745ba5\",\"contents\":[{\"type\":\"movement\",\"kind\":\"block\"}]},{\"kind\":\"category\",\"name\":\"Numbers\",\"colour\":\"#0d44ba\",\"contents\":[{\"type\":\"math_number\",\"kind\":\"block\"}]}]},\"maxInstances\":{\"start\":1,\"movement\":3,\"math_number\":3},\"workspaceBlocks\":[]}}', 3),
(23, 5, 8, NULL, 'Nuevo nivel', 'Titulo nivel', '{\"phaser\":{\"width\":4,\"height\":5,\"theme\":\"default\",\"layers\":{\"background\":{\"spriteSheet\":\"background\",\"spriteSheetType\":\"multi\",\"objects\":[{\"x\":0,\"y\":0,\"spriteIndex\":\"0\",\"properties\":{\"collides\":true}},{\"x\":1,\"y\":0,\"spriteIndex\":\"1\",\"properties\":{\"collides\":true}},\n{\"x\":2,\"y\":0,\"spriteIndex\":\"2\",\"properties\":{\"collides\":true}},\n{\"x\":3,\"y\":0,\"spriteIndex\":\"2\",\"properties\":{\"collides\":true}},\n{\"x\":0,\"y\":1,\"spriteIndex\":\"0\",\"properties\":{\"collides\":true}},{\"x\":1,\"y\":1,\"spriteIndex\":\"6\",\"properties\":{\"collides\":false}},{\"x\":2,\"y\":1,\"spriteIndex\":\"2\",\"properties\":{\"collides\":true}},\n{\"x\":3,\"y\":1,\"spriteIndex\":\"2\",\"properties\":{\"collides\":true}},{\"x\":0,\"y\":2,\"spriteIndex\":\"0\",\"properties\":{\"collides\":true}},{\"x\":1,\"y\":2,\"spriteIndex\":\"6\",\"properties\":{\"collides\":false}},{\"x\":2,\"y\":2,\"spriteIndex\":\"2\",\"properties\":{\"collides\":true}},\n{\"x\":3,\"y\":2,\"spriteIndex\":\"2\",\"properties\":{\"collides\":true}},{\"x\":0,\"y\":3,\"spriteIndex\":\"0\",\"properties\":{\"collides\":true}},{\"x\":1,\"y\":3,\"spriteIndex\":\"6\",\"properties\":{\"collides\":false}},{\"x\":2,\"y\":3,\"spriteIndex\":\"2\",\"properties\":{\"collides\":true}},\n{\"x\":3,\"y\":3,\"spriteIndex\":\"2\",\"properties\":{\"collides\":true}},{\"x\":0,\"y\":4,\"spriteIndex\":\"3\",\"properties\":{\"collides\":true}},{\"x\":1,\"y\":4,\"spriteIndex\":\"4\",\"properties\":{\"collides\":true}},{\"x\":2,\"y\":4,\"spriteIndex\":\"5\",\"properties\":{\"collides\":true}},{\"x\":3,\"y\":4,\"spriteIndex\":\"5\",\"properties\":{\"collides\":true}}],\"depth\":0},\"objects\":[{\"spriteSheet\":\"exit\",\"spriteSheetType\":\"img\",\"objects\":[{\"x\":1,\"y\":3,\"type\":\"exit\"}],\"depth\":1}],\"players\":{\"spriteSheet\":\"player\",\"spriteSheetType\":\"multi\",\"objects\":[{\"x\":1,\"y\":1}],\"depth\":2}}},\"blockly\":{\"toolbox\":{\"kind\":\"categoryToolbox\",\"contents\":[{\"kind\":\"category\",\"name\":\"Actions\",\"colour\":\"#745ba5\",\"contents\":[{\"type\":\"movement\",\"kind\":\"block\",\"enabled\":true}]},{\"kind\":\"category\",\"name\":\"Text\",\"colour\":\"#e13030\",\"contents\":[{\"type\":\"text\",\"kind\":\"block\"}]},{\"kind\":\"category\",\"name\":\"Numbers\",\"colour\":\"#0d44ba\",\"contents\":[{\"type\":\"math_number\",\"kind\":\"block\"}]}]},\"maxInstances\":{\"start\":1},\"workspaceBlocks\":[]}}', 3),
(45, 43, NULL, NULL, 'asas', 'Hola', '{\"phaser\":{\"width\":3,\"height\":3,\"theme\":\"default\",\"layers\":{\"background\":{\"spriteSheet\":\"background\",\"spriteSheetType\":\"multi\",\"objects\":[{\"x\":0,\"y\":0,\"spriteIndex\":\"6\",\"properties\":{\"collides\":false}},{\"x\":1,\"y\":0,\"spriteIndex\":\"6\",\"properties\":{\"collides\":false}},{\"x\":2,\"y\":0,\"spriteIndex\":\"6\",\"properties\":{\"collides\":false}},{\"x\":0,\"y\":1,\"spriteIndex\":\"6\",\"properties\":{\"collides\":false}},{\"x\":1,\"y\":1,\"spriteIndex\":\"6\",\"properties\":{\"collides\":false}},{\"x\":2,\"y\":1,\"spriteIndex\":\"6\",\"properties\":{\"collides\":false}},{\"x\":0,\"y\":2,\"spriteIndex\":\"6\",\"properties\":{\"collides\":false}},{\"x\":1,\"y\":2,\"spriteIndex\":\"6\",\"properties\":{\"collides\":false}},{\"x\":2,\"y\":2,\"spriteIndex\":\"6\",\"properties\":{\"collides\":false}}],\"depth\":0},\"objects\":[{\"spriteSheet\":\"exit\",\"spriteSheetType\":\"img\",\"objects\":[{\"x\":2,\"y\":1,\"type\":\"exit\"}],\"depth\":1}],\"players\":{\"spriteSheet\":\"player\",\"spriteSheetType\":\"multi\",\"objects\":[{\"x\":0,\"y\":1}],\"depth\":2}}},\"blockly\":{\"toolbox\":{\"kind\":\"categoryToolbox\",\"contents\":[{\"kind\":\"category\",\"name\":\"Actions\",\"colour\":\"#745ba5\",\"contents\":[{\"type\":\"movement\",\"kind\":\"block\",\"enabled\":true},{\"type\":\"changeStatus\",\"kind\":\"block\",\"enabled\":true}]},{\"kind\":\"category\",\"name\":\"Numbers\",\"colour\":\"#0d44ba\",\"contents\":[{\"type\":\"math_number\",\"kind\":\"block\",\"enabled\":true}]},{\"kind\":\"category\",\"name\":\"Loops\",\"colour\":\"#5ba55b\",\"contents\":[{\"type\":\"for_X_times\",\"kind\":\"block\"}]},{\"kind\":\"category\",\"name\":\"Variables\",\"custom\":\"VARIABLE\",\"colour\":\"#a55b80\"}]},\"maxInstances\":{\"start\":1},\"workspaceBlocks\":[]}}', NULL),
(46, 43, NULL, NULL, 'Funciona', 'Funciona', '{\"phaser\":{\"width\":3,\"height\":3,\"theme\":\"default\",\"layers\":{\"background\":{\"spriteSheet\":\"background\",\"spriteSheetType\":\"multi\",\"objects\":[{\"x\":0,\"y\":0,\"spriteIndex\":\"6\",\"properties\":{\"collides\":false}},{\"x\":1,\"y\":0,\"spriteIndex\":\"6\",\"properties\":{\"collides\":false}},{\"x\":2,\"y\":0,\"spriteIndex\":\"6\",\"properties\":{\"collides\":false}},{\"x\":0,\"y\":1,\"spriteIndex\":\"6\",\"properties\":{\"collides\":false}},{\"x\":1,\"y\":1,\"spriteIndex\":\"6\",\"properties\":{\"collides\":false}},{\"x\":2,\"y\":1,\"spriteIndex\":\"6\",\"properties\":{\"collides\":false}},{\"x\":0,\"y\":2,\"spriteIndex\":\"6\",\"properties\":{\"collides\":false}},{\"x\":1,\"y\":2,\"spriteIndex\":\"6\",\"properties\":{\"collides\":false}},{\"x\":2,\"y\":2,\"spriteIndex\":\"6\",\"properties\":{\"collides\":false}}],\"depth\":0},\"objects\":[{\"spriteSheet\":\"exit\",\"spriteSheetType\":\"img\",\"objects\":[{\"x\":2,\"y\":0,\"type\":\"exit\"},{\"x\":0,\"y\":1,\"type\":\"exit\"}],\"depth\":1}],\"players\":{\"spriteSheet\":\"player\",\"spriteSheetType\":\"multi\",\"objects\":[{\"x\":0,\"y\":0}],\"depth\":2}}},\"blockly\":{\"toolbox\":{\"kind\":\"categoryToolbox\",\"contents\":[{\"kind\":\"category\",\"name\":\"Actions\",\"colour\":\"#745ba5\",\"contents\":[{\"type\":\"movement\",\"kind\":\"block\",\"enabled\":true},{\"type\":\"changeStatus\",\"kind\":\"block\",\"enabled\":true}]},{\"kind\":\"category\",\"name\":\"Numbers\",\"colour\":\"#0d44ba\",\"contents\":[{\"type\":\"math_number\",\"kind\":\"block\",\"enabled\":true}]},{\"kind\":\"category\",\"name\":\"Loops\",\"colour\":\"#5ba55b\",\"contents\":[{\"type\":\"for_X_times\",\"kind\":\"block\"}]},{\"kind\":\"category\",\"name\":\"Variables\",\"custom\":\"VARIABLE\",\"colour\":\"#a55b80\"}]},\"maxInstances\":{\"start\":1},\"workspaceBlocks\":[]}}', NULL),
(47, 43, NULL, NULL, '', 'Stars', '{\"phaser\":{\"width\":4,\"height\":4,\"theme\":\"default\",\"layers\":{\"background\":{\"spriteSheet\":\"background\",\"spriteSheetType\":\"multi\",\"objects\":[{\"x\":0,\"y\":0,\"spriteIndex\":\"6\",\"properties\":{\"collides\":false}},{\"x\":1,\"y\":0,\"spriteIndex\":\"6\",\"properties\":{\"collides\":false}},{\"x\":2,\"y\":0,\"spriteIndex\":\"6\",\"properties\":{\"collides\":false}},{\"x\":3,\"y\":0,\"spriteIndex\":\"6\",\"properties\":{\"collides\":false}},{\"x\":0,\"y\":1,\"spriteIndex\":\"6\",\"properties\":{\"collides\":false}},{\"x\":1,\"y\":1,\"spriteIndex\":\"6\",\"properties\":{\"collides\":false}},{\"x\":2,\"y\":1,\"spriteIndex\":\"6\",\"properties\":{\"collides\":false}},{\"x\":3,\"y\":1,\"spriteIndex\":\"6\",\"properties\":{\"collides\":false}},{\"x\":0,\"y\":2,\"spriteIndex\":\"6\",\"properties\":{\"collides\":false}},{\"x\":1,\"y\":2,\"spriteIndex\":\"6\",\"properties\":{\"collides\":false}},{\"x\":2,\"y\":2,\"spriteIndex\":\"6\",\"properties\":{\"collides\":false}},{\"x\":3,\"y\":2,\"spriteIndex\":\"6\",\"properties\":{\"collides\":false}},{\"x\":0,\"y\":3,\"spriteIndex\":\"6\",\"properties\":{\"collides\":false}},{\"x\":1,\"y\":3,\"spriteIndex\":\"6\",\"properties\":{\"collides\":false}},{\"x\":2,\"y\":3,\"spriteIndex\":\"6\",\"properties\":{\"collides\":false}},{\"x\":3,\"y\":3,\"spriteIndex\":\"6\",\"properties\":{\"collides\":false}}],\"depth\":0},\"objects\":[{\"spriteSheet\":\"chest\",\"spriteSheetType\":\"img\",\"objects\":[{\"x\":1,\"y\":1,\"type\":\"chest\"},{\"x\":1,\"y\":2,\"type\":\"chest\"}],\"depth\":1},{\"spriteSheet\":\"exit\",\"spriteSheetType\":\"img\",\"objects\":[{\"x\":3,\"y\":2,\"type\":\"exit\"}],\"depth\":1}],\"players\":{\"spriteSheet\":\"player\",\"spriteSheetType\":\"multi\",\"objects\":[{\"x\":0,\"y\":0}],\"depth\":2}}},\"blockly\":{\"toolbox\":{\"kind\":\"categoryToolbox\",\"contents\":[{\"kind\":\"category\",\"name\":\"Actions\",\"colour\":\"#745ba5\",\"contents\":[{\"type\":\"movement\",\"kind\":\"block\",\"enabled\":true},{\"type\":\"changeStatus\",\"kind\":\"block\",\"enabled\":true}]},{\"kind\":\"category\",\"name\":\"Numbers\",\"colour\":\"#0d44ba\",\"contents\":[{\"type\":\"math_number\",\"kind\":\"block\",\"enabled\":true}]},{\"kind\":\"category\",\"name\":\"Loops\",\"colour\":\"#5ba55b\",\"contents\":[{\"type\":\"for_X_times\",\"kind\":\"block\"}]},{\"kind\":\"category\",\"name\":\"Variables\",\"custom\":\"VARIABLE\",\"colour\":\"#a55b80\"}]},\"maxInstances\":{\"start\":1},\"workspaceBlocks\":[]},\"MinBlocksUsed\":7,\"LoopUsed\":false}', NULL),
(49, 43, NULL, NULL, '', 'Nombre', '{\"phaser\":{\"width\":5,\"height\":5,\"theme\":\"default\",\"layers\":{\"background\":{\"spriteSheet\":\"background\",\"spriteSheetType\":\"multi\",\"objects\":[{\"x\":0,\"y\":0,\"spriteIndex\":\"0\",\"properties\":{\"collides\":true}},{\"x\":1,\"y\":0,\"spriteIndex\":\"1\",\"properties\":{\"collides\":true}},{\"x\":2,\"y\":0,\"spriteIndex\":\"1\",\"properties\":{\"collides\":true}},{\"x\":3,\"y\":0,\"spriteIndex\":\"1\",\"properties\":{\"collides\":true}},{\"x\":4,\"y\":0,\"spriteIndex\":\"2\",\"properties\":{\"collides\":true}},{\"x\":0,\"y\":1,\"spriteIndex\":\"0\",\"properties\":{\"collides\":true}},{\"x\":1,\"y\":1,\"spriteIndex\":\"6\",\"properties\":{\"collides\":false}},{\"x\":2,\"y\":1,\"spriteIndex\":\"6\",\"properties\":{\"collides\":false}},{\"x\":3,\"y\":1,\"spriteIndex\":\"6\",\"properties\":{\"collides\":false}},{\"x\":4,\"y\":1,\"spriteIndex\":\"2\",\"properties\":{\"collides\":true}},{\"x\":0,\"y\":2,\"spriteIndex\":\"3\",\"properties\":{\"collides\":true}},{\"x\":1,\"y\":2,\"spriteIndex\":\"4\",\"properties\":{\"collides\":true}},{\"x\":2,\"y\":2,\"spriteIndex\":\"7\",\"properties\":{\"collides\":true}},{\"x\":3,\"y\":2,\"spriteIndex\":\"6\",\"properties\":{\"collides\":false}},{\"x\":4,\"y\":2,\"spriteIndex\":\"2\",\"properties\":{\"collides\":true}},{\"x\":2,\"y\":3,\"spriteIndex\":\"0\",\"properties\":{\"collides\":true}},{\"x\":3,\"y\":3,\"spriteIndex\":\"6\",\"properties\":{\"collides\":false}},{\"x\":4,\"y\":3,\"spriteIndex\":\"2\",\"properties\":{\"collides\":true}},{\"x\":2,\"y\":4,\"spriteIndex\":\"3\",\"properties\":{\"collides\":true}},{\"x\":3,\"y\":4,\"spriteIndex\":\"4\",\"properties\":{\"collides\":true}},{\"x\":4,\"y\":4,\"spriteIndex\":\"5\",\"properties\":{\"collides\":true}}],\"depth\":0},\"objects\":[{\"spriteSheet\":\"exit\",\"spriteSheetType\":\"img\",\"objects\":[{\"x\":3,\"y\":3,\"type\":\"exit\"}],\"depth\":1}],\"players\":{\"spriteSheet\":\"player\",\"spriteSheetType\":\"multi\",\"objects\":[{\"x\":1,\"y\":1}],\"depth\":2}}},\"blockly\":{\"maxInstances\":{\"start\":1},\"workspaceBlocks\":[{\"id\":\"movement\",\"opts\":{\"isDeletable\":false}},{\"id\":\"math_number\",\"opts\":{\"isDeletable\":false}},{\"id\":\"movement\",\"opts\":{\"isDeletable\":false}},{\"id\":\"math_number\",\"opts\":{\"isDeletable\":false}}]},\"MinBlocksUsed\":5,\"LoopUsed\":false}', NULL),
(51, 43, NULL, NULL, 'comunidad', 'PruebaComunidad', '{\"phaser\":{\"width\":5,\"height\":5,\"theme\":\"default\",\"layers\":{\"background\":{\"spriteSheet\":\"background\",\"spriteSheetType\":\"multi\",\"objects\":[{\"x\":0,\"y\":0,\"spriteIndex\":\"0\",\"properties\":{\"collides\":true}},{\"x\":1,\"y\":0,\"spriteIndex\":\"1\",\"properties\":{\"collides\":true}},{\"x\":2,\"y\":0,\"spriteIndex\":\"2\",\"properties\":{\"collides\":true}},{\"x\":0,\"y\":1,\"spriteIndex\":\"0\",\"properties\":{\"collides\":true}},{\"x\":1,\"y\":1,\"spriteIndex\":\"6\",\"properties\":{\"collides\":false}},{\"x\":2,\"y\":1,\"spriteIndex\":\"2\",\"properties\":{\"collides\":true}},{\"x\":0,\"y\":2,\"spriteIndex\":\"0\",\"properties\":{\"collides\":true}},{\"x\":1,\"y\":2,\"spriteIndex\":\"6\",\"properties\":{\"collides\":false}},{\"x\":2,\"y\":2,\"spriteIndex\":\"1\",\"properties\":{\"collides\":true}},{\"x\":3,\"y\":2,\"spriteIndex\":\"1\",\"properties\":{\"collides\":true}},{\"x\":4,\"y\":2,\"spriteIndex\":\"2\",\"properties\":{\"collides\":true}},{\"x\":0,\"y\":3,\"spriteIndex\":\"0\",\"properties\":{\"collides\":true}},{\"x\":1,\"y\":3,\"spriteIndex\":\"6\",\"properties\":{\"collides\":false}},{\"x\":2,\"y\":3,\"spriteIndex\":\"6\",\"properties\":{\"collides\":false}},{\"x\":3,\"y\":3,\"spriteIndex\":\"6\",\"properties\":{\"collides\":false}},{\"x\":4,\"y\":3,\"spriteIndex\":\"2\",\"properties\":{\"collides\":true}},{\"x\":0,\"y\":4,\"spriteIndex\":\"3\",\"properties\":{\"collides\":true}},{\"x\":1,\"y\":4,\"spriteIndex\":\"4\",\"properties\":{\"collides\":true}},{\"x\":2,\"y\":4,\"spriteIndex\":\"4\",\"properties\":{\"collides\":true}},{\"x\":3,\"y\":4,\"spriteIndex\":\"4\",\"properties\":{\"collides\":true}},{\"x\":4,\"y\":4,\"spriteIndex\":\"5\",\"properties\":{\"collides\":true}}],\"depth\":0},\"objects\":[{\"spriteSheet\":\"exit\",\"spriteSheetType\":\"img\",\"objects\":[{\"x\":3,\"y\":3,\"type\":\"exit\"}],\"depth\":1}],\"players\":{\"spriteSheet\":\"player\",\"spriteSheetType\":\"multi\",\"objects\":[{\"x\":1,\"y\":1}],\"depth\":2}}},\"blockly\":{\"maxInstances\":{\"start\":1},\"workspaceBlocks\":[{\"id\":\"variables_set\",\"opts\":{\"isDeletable\":false}},{\"id\":\"math_number\",\"opts\":{\"isDeletable\":false}},{\"id\":\"movement\",\"opts\":{\"isDeletable\":false}},{\"id\":\"variables_get\",\"opts\":{\"isDeletable\":false}},{\"id\":\"movement\",\"opts\":{\"isDeletable\":false}},{\"id\":\"variables_get\",\"opts\":{\"isDeletable\":false}}]},\"MinBlocksUsed\":7,\"LoopUsed\":false}', NULL),
(52, 44, NULL, NULL, '', 'Basic', '{\"phaser\":{\"width\":5,\"height\":3,\"theme\":\"default\",\"layers\":{\"background\":{\"spriteSheet\":\"background\",\"spriteSheetType\":\"multi\",\"objects\":[{\"x\":0,\"y\":0,\"spriteIndex\":\"0\",\"properties\":{\"collides\":true}},{\"x\":1,\"y\":0,\"spriteIndex\":\"1\",\"properties\":{\"collides\":true}},{\"x\":2,\"y\":0,\"spriteIndex\":\"1\",\"properties\":{\"collides\":true}},{\"x\":3,\"y\":0,\"spriteIndex\":\"1\",\"properties\":{\"collides\":true}},{\"x\":4,\"y\":0,\"spriteIndex\":\"2\",\"properties\":{\"collides\":true}},{\"x\":0,\"y\":1,\"spriteIndex\":\"0\",\"properties\":{\"collides\":true}},{\"x\":1,\"y\":1,\"spriteIndex\":\"6\",\"properties\":{\"collides\":false}},{\"x\":2,\"y\":1,\"spriteIndex\":\"6\",\"properties\":{\"collides\":false}},{\"x\":3,\"y\":1,\"spriteIndex\":\"6\",\"properties\":{\"collides\":false}},{\"x\":4,\"y\":1,\"spriteIndex\":\"2\",\"properties\":{\"collides\":true}},{\"x\":0,\"y\":2,\"spriteIndex\":\"3\",\"properties\":{\"collides\":true}},{\"x\":1,\"y\":2,\"spriteIndex\":\"4\",\"properties\":{\"collides\":true}},{\"x\":2,\"y\":2,\"spriteIndex\":\"4\",\"properties\":{\"collides\":true}},{\"x\":3,\"y\":2,\"spriteIndex\":\"4\",\"properties\":{\"collides\":true}},{\"x\":4,\"y\":2,\"spriteIndex\":\"5\",\"properties\":{\"collides\":true}}],\"depth\":0},\"objects\":[{\"spriteSheet\":\"exit\",\"spriteSheetType\":\"img\",\"objects\":[{\"x\":3,\"y\":1,\"type\":\"exit\"}],\"depth\":1}],\"players\":{\"spriteSheet\":\"player\",\"spriteSheetType\":\"multi\",\"objects\":[{\"x\":1,\"y\":1}],\"depth\":2}}},\"blockly\":{\"maxInstances\":{\"start\":1},\"workspaceBlocks\":[{\"id\":\"movement\",\"opts\":{\"isDeletable\":false}},{\"id\":\"math_number\",\"opts\":{\"isDeletable\":false}}]},\"MinBlocksUsed\":3,\"LoopUsed\":false}', NULL),
(53, 44, NULL, NULL, '', 'Basic2', '{\"phaser\":{\"width\":5,\"height\":3,\"theme\":\"default\",\"layers\":{\"background\":{\"spriteSheet\":\"background\",\"spriteSheetType\":\"multi\",\"objects\":[{\"x\":0,\"y\":0,\"spriteIndex\":\"0\",\"properties\":{\"collides\":true}},{\"x\":1,\"y\":0,\"spriteIndex\":\"1\",\"properties\":{\"collides\":true}},{\"x\":2,\"y\":0,\"spriteIndex\":\"1\",\"properties\":{\"collides\":true}},{\"x\":3,\"y\":0,\"spriteIndex\":\"1\",\"properties\":{\"collides\":true}},{\"x\":4,\"y\":0,\"spriteIndex\":\"2\",\"properties\":{\"collides\":true}},{\"x\":0,\"y\":1,\"spriteIndex\":\"0\",\"properties\":{\"collides\":true}},{\"x\":1,\"y\":1,\"spriteIndex\":\"6\",\"properties\":{\"collides\":false}},{\"x\":2,\"y\":1,\"spriteIndex\":\"6\",\"properties\":{\"collides\":false}},{\"x\":3,\"y\":1,\"spriteIndex\":\"6\",\"properties\":{\"collides\":false}},{\"x\":4,\"y\":1,\"spriteIndex\":\"2\",\"properties\":{\"collides\":true}},{\"x\":0,\"y\":2,\"spriteIndex\":\"3\",\"properties\":{\"collides\":true}},{\"x\":1,\"y\":2,\"spriteIndex\":\"4\",\"properties\":{\"collides\":true}},{\"x\":2,\"y\":2,\"spriteIndex\":\"4\",\"properties\":{\"collides\":true}},{\"x\":3,\"y\":2,\"spriteIndex\":\"4\",\"properties\":{\"collides\":true}},{\"x\":4,\"y\":2,\"spriteIndex\":\"5\",\"properties\":{\"collides\":true}}],\"depth\":0},\"objects\":[{\"spriteSheet\":\"exit\",\"spriteSheetType\":\"img\",\"objects\":[{\"x\":3,\"y\":1,\"type\":\"exit\"}],\"depth\":1}],\"players\":{\"spriteSheet\":\"player\",\"spriteSheetType\":\"multi\",\"objects\":[{\"x\":1,\"y\":1}],\"depth\":2}}},\"blockly\":{\"maxInstances\":{\"start\":1},\"workspaceBlocks\":[{\"id\":\"movement\",\"opts\":{\"isDeletable\":false}},{\"id\":\"math_number\",\"opts\":{\"isDeletable\":false}}]},\"MinBlocksUsed\":3,\"LoopUsed\":false}', NULL),
(54, 43, NULL, NULL, 'si se ha guardado', 'Guardado', '{\"phaser\":{\"width\":5,\"height\":3,\"theme\":\"default\",\"layers\":{\"background\":{\"spriteSheet\":\"background\",\"spriteSheetType\":\"multi\",\"objects\":[{\"x\":0,\"y\":0,\"spriteIndex\":\"0\",\"properties\":{\"collides\":true}},{\"x\":1,\"y\":0,\"spriteIndex\":\"1\",\"properties\":{\"collides\":true}},{\"x\":2,\"y\":0,\"spriteIndex\":\"1\",\"properties\":{\"collides\":true}},{\"x\":3,\"y\":0,\"spriteIndex\":\"1\",\"properties\":{\"collides\":true}},{\"x\":4,\"y\":0,\"spriteIndex\":\"2\",\"properties\":{\"collides\":true}},{\"x\":0,\"y\":1,\"spriteIndex\":\"0\",\"properties\":{\"collides\":true}},{\"x\":1,\"y\":1,\"spriteIndex\":\"6\",\"properties\":{\"collides\":false}},{\"x\":2,\"y\":1,\"spriteIndex\":\"6\",\"properties\":{\"collides\":false}},{\"x\":3,\"y\":1,\"spriteIndex\":\"6\",\"properties\":{\"collides\":false}},{\"x\":4,\"y\":1,\"spriteIndex\":\"2\",\"properties\":{\"collides\":true}},{\"x\":0,\"y\":2,\"spriteIndex\":\"3\",\"properties\":{\"collides\":true}},{\"x\":1,\"y\":2,\"spriteIndex\":\"4\",\"properties\":{\"collides\":true}},{\"x\":2,\"y\":2,\"spriteIndex\":\"4\",\"properties\":{\"collides\":true}},{\"x\":3,\"y\":2,\"spriteIndex\":\"4\",\"properties\":{\"collides\":true}},{\"x\":4,\"y\":2,\"spriteIndex\":\"5\",\"properties\":{\"collides\":true}}],\"depth\":0},\"objects\":[{\"spriteSheet\":\"exit\",\"spriteSheetType\":\"img\",\"objects\":[{\"x\":3,\"y\":1,\"type\":\"exit\"}],\"depth\":1}],\"players\":{\"spriteSheet\":\"player\",\"spriteSheetType\":\"multi\",\"objects\":[{\"x\":1,\"y\":1}],\"depth\":2}}},\"blockly\":{\"maxInstances\":{\"start\":1},\"workspaceBlocks\":[{\"id\":\"movement\",\"opts\":{\"isDeletable\":false}},{\"id\":\"math_number\",\"opts\":{\"isDeletable\":false}}]}}', NULL),
(55, 43, NULL, NULL, '', 'asd', '{\"phaser\":{\"width\":5,\"height\":5,\"theme\":\"default\",\"layers\":{\"background\":{\"spriteSheet\":\"background\",\"spriteSheetType\":\"multi\",\"objects\":[{\"x\":0,\"y\":0,\"spriteIndex\":\"6\",\"properties\":{\"collides\":false}},{\"x\":1,\"y\":0,\"spriteIndex\":\"6\",\"properties\":{\"collides\":false}},{\"x\":2,\"y\":0,\"spriteIndex\":\"6\",\"properties\":{\"collides\":false}},{\"x\":3,\"y\":0,\"spriteIndex\":\"6\",\"properties\":{\"collides\":false}},{\"x\":4,\"y\":0,\"spriteIndex\":\"6\",\"properties\":{\"collides\":false}},{\"x\":0,\"y\":1,\"spriteIndex\":\"6\",\"properties\":{\"collides\":false}},{\"x\":1,\"y\":1,\"spriteIndex\":\"6\",\"properties\":{\"collides\":false}},{\"x\":2,\"y\":1,\"spriteIndex\":\"6\",\"properties\":{\"collides\":false}},{\"x\":3,\"y\":1,\"spriteIndex\":\"6\",\"properties\":{\"collides\":false}},{\"x\":4,\"y\":1,\"spriteIndex\":\"6\",\"properties\":{\"collides\":false}}],\"depth\":0},\"objects\":[{\"spriteSheet\":\"exit\",\"spriteSheetType\":\"img\",\"objects\":[{\"x\":2,\"y\":0,\"type\":\"exit\"}],\"depth\":1}],\"players\":{\"spriteSheet\":\"player\",\"spriteSheetType\":\"multi\",\"objects\":[{\"x\":0,\"y\":0}],\"depth\":2}}},\"blockly\":{\"toolbox\":{\"kind\":\"categoryToolbox\",\"contents\":[{\"kind\":\"category\",\"name\":\"Actions\",\"colour\":\"#745ba5\",\"contents\":[{\"type\":\"movement\",\"kind\":\"block\",\"enabled\":true},{\"type\":\"changeStatus\",\"kind\":\"block\",\"enabled\":true}]},{\"kind\":\"category\",\"name\":\"Numbers\",\"colour\":\"#0d44ba\",\"contents\":[{\"type\":\"math_number\",\"kind\":\"block\",\"enabled\":true}]},{\"kind\":\"category\",\"name\":\"Loops\",\"colour\":\"#5ba55b\",\"contents\":[{\"type\":\"for_X_times\",\"kind\":\"block\"}]},{\"kind\":\"category\",\"name\":\"Variables\",\"custom\":\"VARIABLE\",\"colour\":\"#a55b80\"}]},\"maxInstances\":{\"start\":1},\"workspaceBlocks\":[]},\"MinBlocksUsed\":3,\"LoopUsed\":false}', NULL),
(56, 43, NULL, NULL, 'asd', 'asd', '{\"phaser\":{\"width\":5,\"height\":5,\"theme\":\"default\",\"layers\":{\"background\":{\"spriteSheet\":\"background\",\"spriteSheetType\":\"multi\",\"objects\":[{\"x\":0,\"y\":0,\"spriteIndex\":\"6\",\"properties\":{\"collides\":false}},{\"x\":1,\"y\":0,\"spriteIndex\":\"6\",\"properties\":{\"collides\":false}},{\"x\":2,\"y\":0,\"spriteIndex\":\"6\",\"properties\":{\"collides\":false}},{\"x\":3,\"y\":0,\"spriteIndex\":\"6\",\"properties\":{\"collides\":false}},{\"x\":4,\"y\":0,\"spriteIndex\":\"6\",\"properties\":{\"collides\":false}}],\"depth\":0},\"objects\":[{\"spriteSheet\":\"exit\",\"spriteSheetType\":\"img\",\"objects\":[{\"x\":3,\"y\":0,\"type\":\"exit\"}],\"depth\":1}],\"players\":{\"spriteSheet\":\"player\",\"spriteSheetType\":\"multi\",\"objects\":[{\"x\":1,\"y\":0}],\"depth\":2}}},\"blockly\":{\"toolbox\":{\"kind\":\"categoryToolbox\",\"contents\":[{\"kind\":\"category\",\"name\":\"Actions\",\"colour\":\"#745ba5\",\"contents\":[{\"type\":\"movement\",\"kind\":\"block\",\"enabled\":true},{\"type\":\"changeStatus\",\"kind\":\"block\",\"enabled\":true}]},{\"kind\":\"category\",\"name\":\"Numbers\",\"colour\":\"#0d44ba\",\"contents\":[{\"type\":\"math_number\",\"kind\":\"block\",\"enabled\":true}]},{\"kind\":\"category\",\"name\":\"Loops\",\"colour\":\"#5ba55b\",\"contents\":[{\"type\":\"for_X_times\",\"kind\":\"block\",\"enabled\":true}]},{\"kind\":\"category\",\"name\":\"Variables\",\"custom\":\"VARIABLE\",\"colour\":\"#a55b80\"}]},\"maxInstances\":{\"start\":1},\"workspaceBlocks\":[]},\"MinBlocksUsed\":3,\"LoopUsed\":false,\"variableUsed\":false,\"firstStar\":\"Don\'t bounce\",\"secondStar\":\"Use 3 or less blocks\",\"thirdStar\":\"Use 5 or less blocks\"}', NULL);

-- --------------------------------------------------------

--
-- Estructura de tabla para la tabla `levelsets`
--

DROP TABLE IF EXISTS `levelsets`;
CREATE TABLE `levelsets` (
  `id` int(11) NOT NULL,
  `name` varchar(100) NOT NULL,
  `description` varchar(255) NOT NULL,
  `owner_id` int(11) NOT NULL
) ENGINE=InnoDB DEFAULT CHARSET=utf8mb4 COLLATE=utf8mb4_general_ci;

--
-- Volcado de datos para la tabla `levelsets`
--

INSERT INTO `levelsets` (`id`, `name`, `description`, `owner_id`) VALUES
(0, 'hola', 'funciona', 43),
(1, 'Set1', 'Desc1', 43),
(2, 'Set2', 'Hola manolo', 43);

-- --------------------------------------------------------

--
-- Estructura de tabla para la tabla `leveltags`
--

DROP TABLE IF EXISTS `leveltags`;
CREATE TABLE `leveltags` (
  `level_id` int(11) NOT NULL,
  `tag` varchar(50) NOT NULL
) ENGINE=InnoDB DEFAULT CHARSET=utf8mb4 COLLATE=utf8mb4_general_ci;

--
-- Volcado de datos para la tabla `leveltags`
--

INSERT INTO `leveltags` (`level_id`, `tag`) VALUES
(45, 'Variable'),
(46, 'Loops'),
(47, 'Loops'),
(48, 'Variable'),
(52, 'Basic'),
(53, 'Basic'),
(56, 'Variable');

-- --------------------------------------------------------

--
-- Estructura de tabla para la tabla `play`
--

DROP TABLE IF EXISTS `play`;
CREATE TABLE `play` (
  `user` int(11) NOT NULL,
  `level` int(11) NOT NULL,
  `stars` int(11) NOT NULL,
  `attempts` int(11) NOT NULL
) ENGINE=InnoDB DEFAULT CHARSET=utf8mb4 COLLATE=utf8mb4_general_ci;

--
-- Volcado de datos para la tabla `play`
--

INSERT INTO `play` (`user`, `level`, `stars`, `attempts`) VALUES
(40, 1, 3, 1),
(40, 2, 3, 1),
(40, 5, 3, 5),
(40, 6, 3, 3),
(40, 22, 2, 4);

-- --------------------------------------------------------

--
-- Estructura de tabla para la tabla `set`
--

DROP TABLE IF EXISTS `set`;
CREATE TABLE `set` (
  `group` int(11) NOT NULL,
  `user` int(11) NOT NULL
) ENGINE=InnoDB DEFAULT CHARSET=utf8mb4 COLLATE=utf8mb4_general_ci;

-- --------------------------------------------------------

--
-- Estructura de tabla para la tabla `setgroups`
--

DROP TABLE IF EXISTS `setgroups`;
CREATE TABLE `setgroups` (
  `set_id` int(11) NOT NULL,
  `group_id` int(11) NOT NULL
) ENGINE=InnoDB DEFAULT CHARSET=utf8mb4 COLLATE=utf8mb4_general_ci;

--
-- Volcado de datos para la tabla `setgroups`
--

INSERT INTO `setgroups` (`set_id`, `group_id`) VALUES
(0, 1),
(1, 56),
(1, 59),
(2, 56);

-- --------------------------------------------------------

--
-- Estructura de tabla para la tabla `setlevels`
--

DROP TABLE IF EXISTS `setlevels`;
CREATE TABLE `setlevels` (
  `set_id` int(11) NOT NULL,
  `level_id` int(11) NOT NULL
) ENGINE=InnoDB DEFAULT CHARSET=utf8mb4 COLLATE=utf8mb4_general_ci;

--
-- Volcado de datos para la tabla `setlevels`
--

INSERT INTO `setlevels` (`set_id`, `level_id`) VALUES
(0, 47),
(0, 56),
(1, 1),
(1, 2),
(2, 48);

-- --------------------------------------------------------

--
-- Estructura de tabla para la tabla `user`
--

DROP TABLE IF EXISTS `user`;
CREATE TABLE `user` (
  `id` int(11) NOT NULL,
  `name` varchar(25) NOT NULL,
  `role` varchar(25) NOT NULL,
  `password` varchar(255) NOT NULL
) ENGINE=InnoDB DEFAULT CHARSET=utf8mb4 COLLATE=utf8mb4_general_ci;

--
-- Volcado de datos para la tabla `user`
--

INSERT INTO `user` (`id`, `name`, `role`, `password`) VALUES
(5, 'BlockLeap', 'Admin', '$2b$11$oeMxnShud.K9HOIokkwNa./h8ELQkx4nNk5XMO.RxJezaIBol5qcu'),
(40, 'Juan', 'Estudiante', '$2b$11$6ImeDZODOELj0L7XRIzCWuPktRsRF7A.//qDIW.ULrSSlSRHrPPMa'),
(41, 'profe', 'Profesor', '$2b$11$VCXxJeQO75mU/eHyf5J34.bqvlukFg39d06/B8d8YEoh9fPm9/jsi'),
(42, 'Pablo', 'Estudiante', '$2b$11$326R0BfpnEfEH7GQxODvHOjU2vlPN8/9dAanG3Q374u7UmdFuVhgC'),
(43, 'Carlos3', 'Profesor', '$2b$11$dvsxtDfUIhJnoJot65HmiOqihpc.yGFnGmf3vE5XQpIFnuWK5h6cC'),
(44, 'Carlos4', 'Estudiante', '$2b$11$zAnhfYeCaYUXklf9YA0C9.nX30Y2SXlIJU0qWHlAhtT/tM9u62.eK');

-- --------------------------------------------------------

--
-- Estructura de tabla para la tabla `usergroup`
--

DROP TABLE IF EXISTS `usergroup`;
CREATE TABLE `usergroup` (
  `group` int(11) NOT NULL,
  `user` int(11) NOT NULL,
  `role` varchar(25) NOT NULL
) ENGINE=InnoDB DEFAULT CHARSET=utf8mb4 COLLATE=utf8mb4_general_ci;

--
-- Volcado de datos para la tabla `usergroup`
--

INSERT INTO `usergroup` (`group`, `user`, `role`) VALUES
(1, 42, 'Miembro'),
(1, 43, 'Miembro'),
(1, 44, 'Miembro'),
(2, 44, 'Miembro'),
(56, 43, 'Anfitrión'),
(57, 43, 'Profesor'),
(58, 43, 'Anfitrión'),
(59, 43, 'Anfitrión'),
(59, 44, 'Miembro'),
(60, 43, 'Anfitrión');

--
-- Índices para tablas volcadas
--

--
-- Indices de la tabla `access`
--
ALTER TABLE `access`
  ADD KEY `user` (`user`,`level`),
  ADD KEY `level` (`level`);

--
-- Indices de la tabla `assigned`
--
ALTER TABLE `assigned`
  ADD KEY `group` (`group`,`level`),
  ADD KEY `level` (`level`);

--
-- Indices de la tabla `category`
--
ALTER TABLE `category`
  ADD PRIMARY KEY (`id`);

--
-- Indices de la tabla `classlevel`
--
ALTER TABLE `classlevel`
  ADD PRIMARY KEY (`id`),
  ADD KEY `user` (`user`,`category`),
  ADD KEY `category` (`category`),
  ADD KEY `self` (`self`),
  ADD KEY `id` (`id`),
  ADD KEY `id_2` (`id`) USING BTREE,
  ADD KEY `id_3` (`id`) USING BTREE;
ALTER TABLE `classlevel` ADD FULLTEXT KEY `title` (`title`);

--
-- Indices de la tabla `classlevels`
--
ALTER TABLE `classlevels`
  ADD PRIMARY KEY (`id_clase`,`id_nivel`);

--
-- Indices de la tabla `group`
--
ALTER TABLE `group`
  ADD PRIMARY KEY (`id`),
  ADD UNIQUE KEY `code` (`code`);

--
-- Indices de la tabla `level`
--
ALTER TABLE `level`
  ADD PRIMARY KEY (`id`),
  ADD KEY `user` (`user`,`category`),
  ADD KEY `category` (`category`),
  ADD KEY `self` (`self`);

--
-- Indices de la tabla `levelsets`
--
ALTER TABLE `levelsets`
  ADD PRIMARY KEY (`id`),
  ADD KEY `name` (`name`) USING BTREE,
  ADD KEY `owner_id` (`owner_id`) USING BTREE;

--
-- Indices de la tabla `leveltags`
--
ALTER TABLE `leveltags`
  ADD PRIMARY KEY (`level_id`,`tag`);

--
-- Indices de la tabla `play`
--
ALTER TABLE `play`
  ADD PRIMARY KEY (`user`,`level`),
  ADD KEY `user` (`user`,`level`),
  ADD KEY `play_ibfk_2` (`level`);

--
-- Indices de la tabla `set`
--
ALTER TABLE `set`
  ADD KEY `set_ibfk_1` (`group`),
  ADD KEY `set_ibfk_2` (`user`);

--
-- Indices de la tabla `setgroups`
--
ALTER TABLE `setgroups`
  ADD PRIMARY KEY (`set_id`,`group_id`);

--
-- Indices de la tabla `setlevels`
--
ALTER TABLE `setlevels`
  ADD PRIMARY KEY (`set_id`,`level_id`);

--
-- Indices de la tabla `user`
--
ALTER TABLE `user`
  ADD PRIMARY KEY (`id`),
  ADD UNIQUE KEY `name` (`name`);

--
-- Indices de la tabla `usergroup`
--
ALTER TABLE `usergroup`
  ADD PRIMARY KEY (`group`,`user`),
  ADD KEY `user` (`user`),
  ADD KEY `group` (`group`) USING BTREE;

--
-- AUTO_INCREMENT de las tablas volcadas
--

--
-- AUTO_INCREMENT de la tabla `category`
--
ALTER TABLE `category`
  MODIFY `id` int(11) NOT NULL AUTO_INCREMENT, AUTO_INCREMENT=10;

--
-- AUTO_INCREMENT de la tabla `classlevel`
--
ALTER TABLE `classlevel`
  MODIFY `id` int(11) NOT NULL AUTO_INCREMENT, AUTO_INCREMENT=70;

--
-- AUTO_INCREMENT de la tabla `group`
--
ALTER TABLE `group`
  MODIFY `id` int(11) NOT NULL AUTO_INCREMENT, AUTO_INCREMENT=61;

--
-- AUTO_INCREMENT de la tabla `level`
--
ALTER TABLE `level`
  MODIFY `id` int(11) NOT NULL AUTO_INCREMENT, AUTO_INCREMENT=57;

--
-- AUTO_INCREMENT de la tabla `user`
--
ALTER TABLE `user`
  MODIFY `id` int(11) NOT NULL AUTO_INCREMENT, AUTO_INCREMENT=45;

--
-- Restricciones para tablas volcadas
--

--
-- Filtros para la tabla `access`
--
ALTER TABLE `access`
  ADD CONSTRAINT `access_ibfk_1` FOREIGN KEY (`level`) REFERENCES `level` (`id`),
  ADD CONSTRAINT `access_ibfk_2` FOREIGN KEY (`user`) REFERENCES `user` (`id`);

--
-- Filtros para la tabla `assigned`
--
ALTER TABLE `assigned`
  ADD CONSTRAINT `assigned_ibfk_1` FOREIGN KEY (`group`) REFERENCES `group` (`id`),
  ADD CONSTRAINT `assigned_ibfk_2` FOREIGN KEY (`level`) REFERENCES `level` (`id`);

--
-- Filtros para la tabla `level`
--
ALTER TABLE `level`
  ADD CONSTRAINT `level_ibfk_1` FOREIGN KEY (`user`) REFERENCES `user` (`id`),
  ADD CONSTRAINT `level_ibfk_2` FOREIGN KEY (`category`) REFERENCES `category` (`id`),
  ADD CONSTRAINT `level_ibfk_3` FOREIGN KEY (`self`) REFERENCES `level` (`id`);

--
-- Filtros para la tabla `play`
--
ALTER TABLE `play`
  ADD CONSTRAINT `play_ibfk_1` FOREIGN KEY (`user`) REFERENCES `user` (`id`),
  ADD CONSTRAINT `play_ibfk_2` FOREIGN KEY (`level`) REFERENCES `level` (`id`);

--
-- Filtros para la tabla `set`
--
ALTER TABLE `set`
  ADD CONSTRAINT `set_ibfk_1` FOREIGN KEY (`group`) REFERENCES `group` (`id`) ON DELETE NO ACTION ON UPDATE CASCADE,
  ADD CONSTRAINT `set_ibfk_2` FOREIGN KEY (`user`) REFERENCES `user` (`id`) ON DELETE NO ACTION ON UPDATE CASCADE;

--
-- Filtros para la tabla `usergroup`
--
ALTER TABLE `usergroup`
  ADD CONSTRAINT `usergroup_ibfk_1` FOREIGN KEY (`group`) REFERENCES `group` (`id`),
  ADD CONSTRAINT `usergroup_ibfk_2` FOREIGN KEY (`user`) REFERENCES `user` (`id`);
COMMIT;

/*!40101 SET CHARACTER_SET_CLIENT=@OLD_CHARACTER_SET_CLIENT */;
/*!40101 SET CHARACTER_SET_RESULTS=@OLD_CHARACTER_SET_RESULTS */;
/*!40101 SET COLLATION_CONNECTION=@OLD_COLLATION_CONNECTION */;
